iso3,survey_year,source,outcome,observed
AGO,2015.0,dhs7,mobile_women,51.2
ALB,2017.0,dhs7,mobile_women,90.1
ARG,2022.0,itu,mobile_women,89.2
ARM,2015.0,dhs7,mobile_women,96.7
AZE,2021.0,itu,mobile_women,83.4
BDI,2016.0,dhs7,mobile_women,23.6
BEN,2017.0,dhs7,mobile_women,51.1
BEN,2021.0,mics6,mobile_women,52.1
BFA,2021.0,dhs8,mobile_women,75.2
BLR,2022.0,itu,mobile_women,97.9
BRA,2022.0,itu,mobile_women,89.0
CAF,2018.0,mics6,mobile_women,20.6
CHE,2021.0,itu,mobile_women,97.7
CHL,2017.0,itu,mobile_women,97.2
CIV,2021.0,dhs8,mobile_women,78.2
CMR,2018.0,dhs7,mobile_women,63.6
COD,2017.0,mics6,mobile_women,33.4
COM,2022.0,mics6,mobile_women,69.2
CRI,2015.0,itu,mobile_women,86.2
CUW,2017.0,itu,mobile_women,87.9
CZE,2022.0,itu,mobile_women,98.6
ETH,2016.0,dhs7,mobile_women,27.3
FIN,2018.0,itu,mobile_women,98.0
FJI,2021.0,mics6,mobile_women,79.4
FRA,2022.0,itu,mobile_women,94.4
GAB,2019.0,dhs7,mobile_women,88.6
GHA,2022.0,dhs8,mobile_women,79.6
GHA,2017.0,mics6,mobile_women,68.0
GIN,2018.0,dhs7,mobile_women,68.9
GIN,2018.0,dhs7,mobile_women,68.9
GIN,2018.0,dhs7,mobile_women,68.9
GIN,2018.0,dhs7,mobile_women,68.9
GIN,2018.0,dhs7,mobile_women,68.9
GIN,2018.0,dhs7,mobile_women,68.9
GIN,2018.0,dhs7,mobile_women,68.9
GIN,2018.0,dhs7,mobile_women,68.9
GMB,2019.0,dhs8,mobile_women,76.4
GMB,2018.0,mics6,mobile_women,74.1
GNB,2018.0,mics6,mobile_women,60.7
GRD,2017.0,itu,mobile_women,95.0
GUY,2019.0,mics6,mobile_women,87.9
HTI,2016.0,dhs7,mobile_women,57.1
IDN,2017.0,dhs7,mobile_women,78.5
IND,2019.0,dhs7,mobile_women,53.9
IRL,2018.0,itu,mobile_women,88.3
ITA,2016.0,itu,mobile_women,90.4
JAM,2016.0,itu,mobile_women,97.2
JOR,2017.0,dhs7,mobile_women,91.8
KAZ,2022.0,itu,mobile_women,95.2
KEN,2022.0,dhs8,mobile_women,77.5
KHM,2021.0,dhs8,mobile_women,84.8
KIR,2020.0,mics6,mobile_women,52.7
LAO,2017.0,mics6,mobile_women,73.1
LBR,2019.0,dhs7,mobile_women,46.7
LSO,2018.0,mics6,mobile_women,86.9
LTU,2019.0,itu,mobile_women,95.9
MDG,2021.0,dhs8,mobile_women,34.6
MDG,2018.0,mics6,mobile_women,32.0
MDV,2016.0,dhs7,mobile_women,95.5
MLI,2018.0,dhs7,mobile_women,58.3
MNG,2018.0,mics6,mobile_women,77.9
MRT,2019.0,dhs7,mobile_women,76.7
MWI,2015.0,dhs7,mobile_women,32.8
MWI,2019.0,mics6,mobile_women,34.0
NGA,2018.0,dhs7,mobile_women,55.3
NGA,2021.0,mics6,mobile_women,58.2
NOR,2019.0,itu,mobile_women,88.5
NPL,2016.0,dhs7,mobile_women,72.6
NPL,2022.0,dhs8,mobile_women,79.6
NPL,2019.0,mics6,mobile_women,79.3
PAK,2017.0,dhs7,mobile_women,39.2
PNG,2016.0,dhs7,mobile_women,34.3
PRT,2022.0,itu,mobile_women,96.9
ROU,2022.0,itu,mobile_women,98.0
RWA,2019.0,dhs8,mobile_women,47.9
SEN,2017.0,continuous dhs7,mobile_women,68.0
SEN,2018.0,continuous dhs8,mobile_women,70.8
SEN,2019.0,continuous dhs8,mobile_women,69.7
SLE,2019.0,dhs7,mobile_women,42.6
SLE,2017.0,mics6,mobile_women,45.2
SRB,2022.0,itu,mobile_women,95.8
STP,2019.0,mics6,mobile_women,67.1
SUR,2018.0,mics6,mobile_women,93.1
SVN,2022.0,itu,mobile_women,98.0
SWZ,2021.0,mics6,mobile_women,90.2
TCA,2019.0,mics6,mobile_women,99.0
TCD,2019.0,mics6,mobile_women,31.8
TGO,2017.0,mics6,mobile_women,39.5
TGO,2017.0,mics6,mobile_women,39.5
TGO,2017.0,mics6,mobile_women,56.6
TGO,2017.0,mics6,mobile_women,56.6
TGO,2017.0,mics6,mobile_women,39.5
TGO,2017.0,mics6,mobile_women,39.5
TGO,2017.0,mics6,mobile_women,56.6
TGO,2017.0,mics6,mobile_women,56.6
TLS,2016.0,dhs7,mobile_women,65.6
TON,2019.0,mics6,mobile_women,84.4
TUN,2018.0,mics6,mobile_women,91.5
TUV,2019.0,mics6,mobile_women,77.8
TZA,2015.0,dhs7,mobile_women,52.2
TZA,2022.0,dhs8,mobile_women,59.4
UGA,2016.0,dhs7,mobile_women,45.5
UKR,2021.0,itu,mobile_women,91.0
UZB,2022.0,itu,mobile_women,74.1
VNM,2020.0,mics6,mobile_women,94.3
WSM,2019.0,mics6,mobile_women,77.4
ZAF,2016.0,dhs7,mobile_women,91.2
ZMB,2018.0,dhs7,mobile_women,53.0
ZMB,2018.0,dhs7,mobile_women,53.0
ZMB,2018.0,dhs7,mobile_women,45.2
ZMB,2018.0,dhs7,mobile_women,45.2
ZMB,2018.0,dhs7,mobile_women,53.0
ZMB,2018.0,dhs7,mobile_women,53.0
ZMB,2018.0,dhs7,mobile_women,45.2
ZMB,2018.0,dhs7,mobile_women,45.2
ZWE,2015.0,dhs7,mobile_women,69.5
ZWE,2019.0,mics6,mobile_women,72.0
AGO,2015.0,dhs7,mobile_men,70.3
ALB,2017.0,dhs7,mobile_men,94.2
ARG,2022.0,itu,mobile_men,89.4
ARM,2015.0,dhs7,mobile_men,98.8
AZE,2021.0,itu,mobile_men,84.6
BDI,2016.0,dhs7,mobile_men,47.5
BEN,2017.0,dhs7,mobile_men,79.5
BEN,2021.0,mics6,mobile_men,72.3
BFA,2021.0,dhs8,mobile_men,90.1
BLR,2022.0,itu,mobile_men,95.8
BRA,2022.0,itu,mobile_men,87.1
CAF,2018.0,mics6,mobile_men,36.9
CHE,2021.0,itu,mobile_men,97.9
CHL,2017.0,itu,mobile_men,86.7
CIV,2021.0,dhs8,mobile_men,92.0
CMR,2018.0,dhs7,mobile_men,77.3
COD,2017.0,mics6,mobile_men,53.2
COM,2022.0,mics6,mobile_men,74.4
CRI,2015.0,itu,mobile_men,85.8
CUW,2017.0,itu,mobile_men,86.5
CZE,2022.0,itu,mobile_men,99.1
ETH,2016.0,dhs7,mobile_men,54.8
FIN,2018.0,itu,mobile_men,98.9
FJI,2021.0,mics6,mobile_men,83.6
FRA,2022.0,itu,mobile_men,95.5
GAB,2019.0,dhs7,mobile_men,88.9
GHA,2022.0,dhs8,mobile_men,87.5
GHA,2017.0,mics6,mobile_men,79.9
GIN,2018.0,dhs7,mobile_men,85.8
GIN,2018.0,dhs7,mobile_men,86.0
GIN,2018.0,dhs7,mobile_men,85.8
GIN,2018.0,dhs7,mobile_men,86.0
GIN,2018.0,dhs7,mobile_men,85.8
GIN,2018.0,dhs7,mobile_men,86.0
GIN,2018.0,dhs7,mobile_men,85.8
GIN,2018.0,dhs7,mobile_men,86.0
GMB,2019.0,dhs8,mobile_men,85.6
GMB,2018.0,mics6,mobile_men,85.1
GNB,2018.0,mics6,mobile_men,87.2
GRD,2017.0,itu,mobile_men,90.3
GUY,2019.0,mics6,mobile_men,87.8
HTI,2016.0,dhs7,mobile_men,69.6
IDN,2017.0,dhs7,mobile_men,86.8
IND,2019.0,dhs7,mobile_men,92.2
IRL,2018.0,itu,mobile_men,86.6
ITA,2016.0,itu,mobile_men,92.7
JAM,2016.0,itu,mobile_men,95.6
JOR,2017.0,dhs7,mobile_men,88.6
KAZ,2022.0,itu,mobile_men,90.1
KEN,2022.0,dhs8,mobile_men,80.4
KHM,2021.0,dhs8,mobile_men,91.3
KIR,2020.0,mics6,mobile_men,53.0
LAO,2017.0,mics6,mobile_men,84.3
LBR,2019.0,dhs7,mobile_men,60.6
LSO,2018.0,mics6,mobile_men,83.6
LTU,2019.0,itu,mobile_men,95.5
MDG,2021.0,dhs8,mobile_men,46.7
MDG,2018.0,mics6,mobile_men,42.1
MDV,2016.0,dhs7,mobile_men,96.7
MLI,2018.0,dhs7,mobile_men,87.4
MNG,2018.0,mics6,mobile_men,67.3
MRT,2019.0,dhs7,mobile_men,84.7
MWI,2015.0,dhs7,mobile_men,52.2
MWI,2019.0,mics6,mobile_men,50.3
NGA,2018.0,dhs7,mobile_men,80.6
NGA,2021.0,mics6,mobile_men,73.4
NOR,2019.0,itu,mobile_men,90.1
NPL,2016.0,dhs7,mobile_men,89.3
NPL,2022.0,dhs8,mobile_men,91.6
NPL,2019.0,mics6,mobile_men,91.4
PAK,2017.0,dhs7,mobile_men,92.7
PNG,2016.0,dhs7,mobile_men,50.4
PRT,2022.0,itu,mobile_men,97.4
ROU,2022.0,itu,mobile_men,98.1
RWA,2019.0,dhs8,mobile_men,61.6
SEN,2017.0,continuous dhs7,mobile_men,83.2
SEN,2018.0,continuous dhs8,mobile_men,83.3
SEN,2019.0,continuous dhs8,mobile_men,84.5
SLE,2019.0,dhs7,mobile_men,64.3
SLE,2017.0,mics6,mobile_men,64.8
SRB,2022.0,itu,mobile_men,95.2
STP,2019.0,mics6,mobile_men,59.6
SUR,2018.0,mics6,mobile_men,94.0
SVN,2022.0,itu,mobile_men,97.5
SWZ,2021.0,mics6,mobile_men,91.1
TCA,2019.0,mics6,mobile_men,98.4
TCD,2019.0,mics6,mobile_men,70.7
TGO,2017.0,mics6,mobile_men,48.6
TGO,2017.0,mics6,mobile_men,78.3
TGO,2017.0,mics6,mobile_men,48.6
TGO,2017.0,mics6,mobile_men,78.3
TGO,2017.0,mics6,mobile_men,48.6
TGO,2017.0,mics6,mobile_men,78.3
TGO,2017.0,mics6,mobile_men,48.6
TGO,2017.0,mics6,mobile_men,78.3
TLS,2016.0,dhs7,mobile_men,77.3
TON,2019.0,mics6,mobile_men,88.3
TUN,2018.0,mics6,mobile_men,96.1
TUV,2019.0,mics6,mobile_men,82.7
TZA,2015.0,dhs7,mobile_men,68.8
TZA,2022.0,dhs8,mobile_men,75.1
UGA,2016.0,dhs7,mobile_men,65.8
UKR,2021.0,itu,mobile_men,90.4
UZB,2022.0,itu,mobile_men,83.9
VNM,2020.0,mics6,mobile_men,94.2
WSM,2019.0,mics6,mobile_men,80.6
ZAF,2016.0,dhs7,mobile_men,88.5
ZMB,2018.0,dhs7,mobile_men,65.7
ZMB,2018.0,dhs7,mobile_men,44.0
ZMB,2018.0,dhs7,mobile_men,65.7
ZMB,2018.0,dhs7,mobile_men,44.0
ZMB,2018.0,dhs7,mobile_men,65.7
ZMB,2018.0,dhs7,mobile_men,44.0
ZMB,2018.0,dhs7,mobile_men,65.7
ZMB,2018.0,dhs7,mobile_men,44.0
ZWE,2015.0,dhs7,mobile_men,73.4
ZWE,2019.0,mics6,mobile_men,73.0
AGO,2015.0,dhs7,mobile_fm_ratio,0.729
ALB,2017.0,dhs7,mobile_fm_ratio,0.957
ARG,2022.0,itu,mobile_fm_ratio,0.998
ARM,2015.0,dhs7,mobile_fm_ratio,0.979
AZE,2021.0,itu,mobile_fm_ratio,0.986
BDI,2016.0,dhs7,mobile_fm_ratio,0.496
BEN,2017.0,dhs7,mobile_fm_ratio,0.643
BEN,2021.0,mics6,mobile_fm_ratio,0.721
BFA,2021.0,dhs8,mobile_fm_ratio,0.835
BLR,2022.0,itu,mobile_fm_ratio,1.022
BRA,2022.0,itu,mobile_fm_ratio,1.022
CAF,2018.0,mics6,mobile_fm_ratio,0.558
CHE,2021.0,itu,mobile_fm_ratio,0.998
CHL,2017.0,itu,mobile_fm_ratio,1.121
CIV,2021.0,dhs8,mobile_fm_ratio,0.851
CMR,2018.0,dhs7,mobile_fm_ratio,0.822
COD,2017.0,mics6,mobile_fm_ratio,0.628
COM,2022.0,mics6,mobile_fm_ratio,0.93
CRI,2015.0,itu,mobile_fm_ratio,1.005
CUW,2017.0,itu,mobile_fm_ratio,1.016
CZE,2022.0,itu,mobile_fm_ratio,0.995
ETH,2016.0,dhs7,mobile_fm_ratio,0.499
FIN,2018.0,itu,mobile_fm_ratio,0.991
FJI,2021.0,mics6,mobile_fm_ratio,0.95
FRA,2022.0,itu,mobile_fm_ratio,0.988
GAB,2019.0,dhs7,mobile_fm_ratio,0.997
GHA,2022.0,dhs8,mobile_fm_ratio,0.91
GHA,2017.0,mics6,mobile_fm_ratio,0.85
GIN,2018.0,dhs7,mobile_fm_ratio,0.804
GIN,2018.0,dhs7,mobile_fm_ratio,0.804
GIN,2018.0,dhs7,mobile_fm_ratio,0.804
GIN,2018.0,dhs7,mobile_fm_ratio,0.804
GIN,2018.0,dhs7,mobile_fm_ratio,0.801
GIN,2018.0,dhs7,mobile_fm_ratio,0.801
GIN,2018.0,dhs7,mobile_fm_ratio,0.801
GIN,2018.0,dhs7,mobile_fm_ratio,0.801
GMB,2019.0,dhs8,mobile_fm_ratio,0.893
GMB,2018.0,mics6,mobile_fm_ratio,0.871
GNB,2018.0,mics6,mobile_fm_ratio,0.696
GRD,2017.0,itu,mobile_fm_ratio,1.052
GUY,2019.0,mics6,mobile_fm_ratio,1.001
HTI,2016.0,dhs7,mobile_fm_ratio,0.82
IDN,2017.0,dhs7,mobile_fm_ratio,0.904
IND,2019.0,dhs7,mobile_fm_ratio,0.585
IRL,2018.0,itu,mobile_fm_ratio,1.02
ITA,2016.0,itu,mobile_fm_ratio,0.975
JAM,2016.0,itu,mobile_fm_ratio,1.017
JOR,2017.0,dhs7,mobile_fm_ratio,1.036
KAZ,2022.0,itu,mobile_fm_ratio,1.057
KEN,2022.0,dhs8,mobile_fm_ratio,0.963
KHM,2021.0,dhs8,mobile_fm_ratio,0.929
KIR,2020.0,mics6,mobile_fm_ratio,0.994
LAO,2017.0,mics6,mobile_fm_ratio,0.868
LBR,2019.0,dhs7,mobile_fm_ratio,0.771
LSO,2018.0,mics6,mobile_fm_ratio,1.039
LTU,2019.0,itu,mobile_fm_ratio,1.004
MDG,2021.0,dhs8,mobile_fm_ratio,0.741
MDG,2018.0,mics6,mobile_fm_ratio,0.76
MDV,2016.0,dhs7,mobile_fm_ratio,0.987
MLI,2018.0,dhs7,mobile_fm_ratio,0.668
MNG,2018.0,mics6,mobile_fm_ratio,1.157
MRT,2019.0,dhs7,mobile_fm_ratio,0.905
MWI,2015.0,dhs7,mobile_fm_ratio,0.63
MWI,2019.0,mics6,mobile_fm_ratio,0.677
NGA,2018.0,dhs7,mobile_fm_ratio,0.686
NGA,2021.0,mics6,mobile_fm_ratio,0.792
NOR,2019.0,itu,mobile_fm_ratio,0.982
NPL,2016.0,dhs7,mobile_fm_ratio,0.813
NPL,2022.0,dhs8,mobile_fm_ratio,0.87
NPL,2019.0,mics6,mobile_fm_ratio,0.868
PAK,2017.0,dhs7,mobile_fm_ratio,0.423
PNG,2016.0,dhs7,mobile_fm_ratio,0.68
PRT,2022.0,itu,mobile_fm_ratio,0.995
ROU,2022.0,itu,mobile_fm_ratio,0.999
RWA,2019.0,dhs8,mobile_fm_ratio,0.778
SEN,2017.0,continuous dhs7,mobile_fm_ratio,0.817
SEN,2018.0,continuous dhs8,mobile_fm_ratio,0.85
SEN,2019.0,continuous dhs8,mobile_fm_ratio,0.825
SLE,2019.0,dhs7,mobile_fm_ratio,0.663
SLE,2017.0,mics6,mobile_fm_ratio,0.698
SRB,2022.0,itu,mobile_fm_ratio,1.006
STP,2019.0,mics6,mobile_fm_ratio,1.126
SUR,2018.0,mics6,mobile_fm_ratio,0.99
SVN,2022.0,itu,mobile_fm_ratio,1.005
SWZ,2021.0,mics6,mobile_fm_ratio,0.99
TCA,2019.0,mics6,mobile_fm_ratio,1.005
TCD,2019.0,mics6,mobile_fm_ratio,0.45
TGO,2017.0,mics6,mobile_fm_ratio,0.813
TGO,2017.0,mics6,mobile_fm_ratio,0.813
TGO,2017.0,mics6,mobile_fm_ratio,0.813
TGO,2017.0,mics6,mobile_fm_ratio,0.813
TGO,2017.0,mics6,mobile_fm_ratio,0.724
TGO,2017.0,mics6,mobile_fm_ratio,0.724
TGO,2017.0,mics6,mobile_fm_ratio,0.724
TGO,2017.0,mics6,mobile_fm_ratio,0.724
TLS,2016.0,dhs7,mobile_fm_ratio,0.848
TON,2019.0,mics6,mobile_fm_ratio,0.956
TUN,2018.0,mics6,mobile_fm_ratio,0.952
TUV,2019.0,mics6,mobile_fm_ratio,0.942
TZA,2015.0,dhs7,mobile_fm_ratio,0.758
TZA,2022.0,dhs8,mobile_fm_ratio,0.791
UGA,2016.0,dhs7,mobile_fm_ratio,0.692
UKR,2021.0,itu,mobile_fm_ratio,1.007
UZB,2022.0,itu,mobile_fm_ratio,0.883
VNM,2020.0,mics6,mobile_fm_ratio,1.001
WSM,2019.0,mics6,mobile_fm_ratio,0.96
ZAF,2016.0,dhs7,mobile_fm_ratio,1.03
ZMB,2018.0,dhs7,mobile_fm_ratio,0.807
ZMB,2018.0,dhs7,mobile_fm_ratio,0.807
ZMB,2018.0,dhs7,mobile_fm_ratio,0.807
ZMB,2018.0,dhs7,mobile_fm_ratio,0.807
ZMB,2018.0,dhs7,mobile_fm_ratio,1.027
ZMB,2018.0,dhs7,mobile_fm_ratio,1.027
ZMB,2018.0,dhs7,mobile_fm_ratio,1.027
ZMB,2018.0,dhs7,mobile_fm_ratio,1.027
ZWE,2015.0,dhs7,mobile_fm_ratio,0.947
ZWE,2019.0,mics6,mobile_fm_ratio,0.987
AGO,2015.0,dhs7,internet_women,17.5
AND,2017.0,itu,internet_women,92.3
ARG,2022.0,itu,internet_women,88.5
ARM,2015.0,dhs7,internet_women,85.3
AUT,2022.0,itu,internet_women,93.2
AZE,2021.0,itu,internet_women,84.4
BDI,2016.0,dhs7,internet_women,4.4
BEL,2022.0,itu,internet_women,93.7
BEN,2017.0,dhs7,internet_women,6.3
BEN,2021.0,mics6,internet_women,15.5
BFA,2021.0,dhs8,internet_women,15.2
BLR,2022.0,itu,internet_women,90.4
CAF,2018.0,mics6,internet_women,2.6
CAN,2022.0,itu,internet_women,94.3
CHE,2021.0,itu,internet_women,95.5
CIV,2021.0,dhs8,internet_women,29.9
CMR,2018.0,dhs7,internet_women,27.0
COD,2017.0,mics6,internet_women,7.8
COM,2022.0,mics6,internet_women,41.8
DEU,2022.0,itu,internet_women,90.8
DNK,2022.0,itu,internet_women,98.2
DOM,2021.0,itu,internet_women,86.6
ESP,2022.0,itu,internet_women,94.8
EST,2022.0,itu,internet_women,92.1
ETH,2016.0,dhs7,internet_women,4.4
FIN,2022.0,itu,internet_women,93.1
FJI,2021.0,mics6,internet_women,78.6
FRA,2022.0,itu,internet_women,85.2
GAB,2019.0,dhs7,internet_women,62.5
GBR,2020.0,itu,internet_women,95.3
GHA,2022.0,dhs8,internet_women,43.3
GHA,2017.0,mics6,internet_women,16.1
GIN,2018.0,dhs7,internet_women,15.4
GMB,2019.0,dhs8,internet_women,61.8
GMB,2018.0,mics6,internet_women,43.3
GNB,2018.0,mics6,internet_women,12.5
GUY,2019.0,mics6,internet_women,69.7
HTI,2016.0,dhs7,internet_women,27.8
HUN,2022.0,itu,internet_women,89.9
IDN,2017.0,dhs7,internet_women,48.2
IND,2019.0,dhs7,internet_women,31.3
IRL,2020.0,itu,internet_women,93.9
ISL,2021.0,itu,internet_women,100.0
JAM,2021.0,itu,internet_women,85.8
JOR,2017.0,dhs7,internet_women,76.5
KAZ,2022.0,itu,internet_women,92.2
KEN,2022.0,dhs8,internet_women,44.2
KHM,2021.0,dhs8,internet_women,63.7
KIR,2020.0,mics6,internet_women,53.4
LAO,2017.0,mics6,internet_women,27.9
LBR,2019.0,dhs7,internet_women,22.0
LSO,2018.0,mics6,internet_women,48.8
LTU,2022.0,itu,internet_women,88.8
LUX,2022.0,itu,internet_women,97.7
LVA,2022.0,itu,internet_women,91.9
MDG,2021.0,dhs8,internet_women,13.3
MDG,2018.0,mics6,internet_women,8.7
MDV,2016.0,dhs7,internet_women,78.3
MLI,2018.0,dhs7,internet_women,14.2
MLT,2022.0,itu,internet_women,91.5
MNE,2022.0,itu,internet_women,87.7
MNG,2018.0,mics6,internet_women,73.9
MRT,2019.0,dhs7,internet_women,33.5
MWI,2015.0,dhs7,internet_women,5.5
MWI,2019.0,mics6,internet_women,7.1
NGA,2018.0,dhs7,internet_women,15.7
NGA,2021.0,mics6,internet_women,22.2
NLD,2022.0,itu,internet_women,91.7
NOR,2022.0,itu,internet_women,99.2
NPL,2016.0,dhs7,internet_women,23.1
NPL,2022.0,dhs8,internet_women,64.6
NPL,2019.0,mics6,internet_women,41.0
PAK,2017.0,dhs7,internet_women,12.0
PNG,2016.0,dhs7,internet_women,11.2
POL,2022.0,itu,internet_women,86.6
PRI,2021.0,itu,internet_women,86.5
ROU,2022.0,itu,internet_women,85.2
RWA,2019.0,dhs8,internet_women,12.3
SEN,2017.0,continuous dhs7,internet_women,29.0
SEN,2018.0,continuous dhs8,internet_women,39.4
SEN,2019.0,continuous dhs8,internet_women,46.7
SLE,2019.0,dhs7,internet_women,13.1
SLE,2017.0,mics6,internet_women,7.5
STP,2019.0,mics6,internet_women,49.8
SUR,2018.0,mics6,internet_women,79.6
SVK,2021.0,itu,internet_women,89.1
SVN,2022.0,itu,internet_women,88.5
SWE,2022.0,itu,internet_women,95.8
SWZ,2021.0,mics6,internet_women,59.9
TCA,2019.0,mics6,internet_women,92.5
TCD,2019.0,mics6,internet_women,0.7
TGO,2017.0,mics6,internet_women,15.3
TLS,2016.0,dhs7,internet_women,22.4
TON,2019.0,mics6,internet_women,78.2
TUN,2018.0,mics6,internet_women,50.9
TUV,2019.0,mics6,internet_women,83.9
TZA,2015.0,dhs7,internet_women,8.1
TZA,2022.0,dhs8,internet_women,12.8
UGA,2016.0,dhs7,internet_women,8.6
URY,2022.0,itu,internet_women,91.2
UZB,2022.0,itu,internet_women,81.4
VNM,2020.0,mics6,internet_women,81.3
WSM,2019.0,mics6,internet_women,54.3
XKX,2018.0,itu,internet_women,90.7
ZAF,2016.0,dhs7,internet_women,47.4
ZMB,2018.0,dhs7,internet_women,12.1
ZWE,2015.0,dhs7,internet_women,24.1
ZWE,2019.0,mics6,internet_women,31.7
AGO,2015.0,dhs7,internet_men,37.4
AND,2017.0,itu,internet_men,94.3
ARG,2022.0,itu,internet_men,88.6
ARM,2015.0,dhs7,internet_men,89.0
AUT,2022.0,itu,internet_men,94.1
AZE,2021.0,itu,internet_men,88.6
BDI,2016.0,dhs7,internet_men,13.8
BEL,2022.0,itu,internet_men,94.3
BEN,2017.0,dhs7,internet_men,20.3
BEN,2021.0,mics6,internet_men,31.6
BFA,2021.0,dhs8,internet_men,39.4
BLR,2022.0,itu,internet_men,88.5
CAF,2018.0,mics6,internet_men,5.3
CAN,2022.0,itu,internet_men,94.7
CHE,2021.0,itu,internet_men,96.2
CIV,2021.0,dhs8,internet_men,52.2
CMR,2018.0,dhs7,internet_men,40.0
COD,2017.0,mics6,internet_men,17.7
COM,2022.0,mics6,internet_men,58.8
DEU,2022.0,itu,internet_men,92.5
DNK,2022.0,itu,internet_men,97.3
DOM,2021.0,itu,internet_men,84.9
ESP,2022.0,itu,internet_men,94.2
EST,2022.0,itu,internet_men,90.0
ETH,2016.0,dhs7,internet_men,12.1
FIN,2022.0,itu,internet_men,92.9
FJI,2021.0,mics6,internet_men,81.9
FRA,2022.0,itu,internet_men,85.9
GAB,2019.0,dhs7,internet_men,75.6
GBR,2020.0,itu,internet_men,95.5
GHA,2022.0,dhs8,internet_men,61.6
GHA,2017.0,mics6,internet_men,38.6
GIN,2018.0,dhs7,internet_men,32.2
GMB,2019.0,dhs8,internet_men,73.3
GMB,2018.0,mics6,internet_men,65.5
GNB,2018.0,mics6,internet_men,34.2
GUY,2019.0,mics6,internet_men,74.9
HTI,2016.0,dhs7,internet_men,41.2
HUN,2022.0,itu,internet_men,88.6
IDN,2017.0,dhs7,internet_men,42.5
IND,2019.0,dhs7,internet_men,54.5
IRL,2020.0,itu,internet_men,91.4
ISL,2021.0,itu,internet_men,99.5
JAM,2021.0,itu,internet_men,80.0
JOR,2017.0,dhs7,internet_men,86.7
KAZ,2022.0,itu,internet_men,92.4
KEN,2022.0,dhs8,internet_men,56.2
KHM,2021.0,dhs8,internet_men,76.4
KIR,2020.0,mics6,internet_men,48.3
LAO,2017.0,mics6,internet_men,28.3
LBR,2019.0,dhs7,internet_men,36.4
LSO,2018.0,mics6,internet_men,44.0
LTU,2022.0,itu,internet_men,86.9
LUX,2022.0,itu,internet_men,98.4
LVA,2022.0,itu,internet_men,90.2
MDG,2021.0,dhs8,internet_men,17.7
MDG,2018.0,mics6,internet_men,12.2
MDV,2016.0,dhs7,internet_men,86.8
MLI,2018.0,dhs7,internet_men,36.3
MLT,2022.0,itu,internet_men,91.7
MNE,2022.0,itu,internet_men,88.9
MNG,2018.0,mics6,internet_men,64.7
MRT,2019.0,dhs7,internet_men,42.5
MWI,2015.0,dhs7,internet_men,17.5
MWI,2019.0,mics6,internet_men,20.2
NGA,2018.0,dhs7,internet_men,35.2
NGA,2021.0,mics6,internet_men,39.1
NLD,2022.0,itu,internet_men,93.3
NOR,2022.0,itu,internet_men,98.5
NPL,2016.0,dhs7,internet_men,47.1
NPL,2022.0,dhs8,internet_men,75.8
NPL,2019.0,mics6,internet_men,61.1
PAK,2017.0,dhs7,internet_men,28.4
PNG,2016.0,dhs7,internet_men,18.1
POL,2022.0,itu,internet_men,87.6
PRI,2021.0,itu,internet_men,84.0
ROU,2022.0,itu,internet_men,86.2
RWA,2019.0,dhs8,internet_men,23.0
SEN,2017.0,continuous dhs7,internet_men,45.0
SEN,2018.0,continuous dhs8,internet_men,54.4
SEN,2019.0,continuous dhs8,internet_men,58.3
SLE,2019.0,dhs7,internet_men,27.8
SLE,2017.0,mics6,internet_men,20.4
STP,2019.0,mics6,internet_men,63.7
SUR,2018.0,mics6,internet_men,80.1
SVK,2021.0,itu,internet_men,89.7
SVN,2022.0,itu,internet_men,89.5
SWE,2022.0,itu,internet_men,94.1
SWZ,2021.0,mics6,internet_men,55.4
TCA,2019.0,mics6,internet_men,90.8
TCD,2019.0,mics6,internet_men,6.7
TGO,2017.0,mics6,internet_men,29.0
TLS,2016.0,dhs7,internet_men,31.1
TON,2019.0,mics6,internet_men,86.6
TUN,2018.0,mics6,internet_men,62.5
TUV,2019.0,mics6,internet_men,85.2
TZA,2015.0,dhs7,internet_men,18.7
TZA,2022.0,dhs8,internet_men,25.8
UGA,2016.0,dhs7,internet_men,22.5
URY,2022.0,itu,internet_men,88.7
UZB,2022.0,itu,internet_men,86.8
VNM,2020.0,mics6,internet_men,83.0
WSM,2019.0,mics6,internet_men,71.0
XKX,2018.0,itu,internet_men,91.0
ZAF,2016.0,dhs7,internet_men,52.0
ZMB,2018.0,dhs7,internet_men,26.0
ZWE,2015.0,dhs7,internet_men,37.8
ZWE,2019.0,mics6,internet_men,43.4
AGO,2015.0,dhs7,internet_fm_ratio,0.468
AND,2017.0,itu,internet_fm_ratio,0.979
ARG,2022.0,itu,internet_fm_ratio,0.999
ARM,2015.0,dhs7,internet_fm_ratio,0.959
AUT,2022.0,itu,internet_fm_ratio,0.991
AZE,2021.0,itu,internet_fm_ratio,0.952
BDI,2016.0,dhs7,internet_fm_ratio,0.321
BEL,2022.0,itu,internet_fm_ratio,0.994
BEN,2017.0,dhs7,internet_fm_ratio,0.312
BEN,2021.0,mics6,internet_fm_ratio,0.491
BFA,2021.0,dhs8,internet_fm_ratio,0.385
BLR,2022.0,itu,internet_fm_ratio,1.022
CAF,2018.0,mics6,internet_fm_ratio,0.5
CAN,2022.0,itu,internet_fm_ratio,0.996
CHE,2021.0,itu,internet_fm_ratio,0.992
CIV,2021.0,dhs8,internet_fm_ratio,0.573
CMR,2018.0,dhs7,internet_fm_ratio,0.676
COD,2017.0,mics6,internet_fm_ratio,0.438
COM,2022.0,mics6,internet_fm_ratio,0.71
DEU,2022.0,itu,internet_fm_ratio,0.982
DNK,2022.0,itu,internet_fm_ratio,1.01
DOM,2021.0,itu,internet_fm_ratio,1.02
ESP,2022.0,itu,internet_fm_ratio,1.006
EST,2022.0,itu,internet_fm_ratio,1.023
ETH,2016.0,dhs7,internet_fm_ratio,0.365
FIN,2022.0,itu,internet_fm_ratio,1.002
FJI,2021.0,mics6,internet_fm_ratio,0.959
FRA,2022.0,itu,internet_fm_ratio,0.993
GAB,2019.0,dhs7,internet_fm_ratio,0.827
GBR,2020.0,itu,internet_fm_ratio,0.998
GHA,2022.0,dhs8,internet_fm_ratio,0.704
GHA,2017.0,mics6,internet_fm_ratio,0.418
GIN,2018.0,dhs7,internet_fm_ratio,0.477
GMB,2019.0,dhs8,internet_fm_ratio,0.843
GMB,2018.0,mics6,internet_fm_ratio,0.661
GNB,2018.0,mics6,internet_fm_ratio,0.364
GUY,2019.0,mics6,internet_fm_ratio,0.931
HTI,2016.0,dhs7,internet_fm_ratio,0.675
HUN,2022.0,itu,internet_fm_ratio,1.016
IDN,2017.0,dhs7,internet_fm_ratio,1.133
IND,2019.0,dhs7,internet_fm_ratio,0.574
IRL,2020.0,itu,internet_fm_ratio,1.027
ISL,2021.0,itu,internet_fm_ratio,1.005
JAM,2021.0,itu,internet_fm_ratio,1.073
JOR,2017.0,dhs7,internet_fm_ratio,0.882
KAZ,2022.0,itu,internet_fm_ratio,0.998
KEN,2022.0,dhs8,internet_fm_ratio,0.786
KHM,2021.0,dhs8,internet_fm_ratio,0.834
KIR,2020.0,mics6,internet_fm_ratio,1.107
LAO,2017.0,mics6,internet_fm_ratio,0.985
LBR,2019.0,dhs7,internet_fm_ratio,0.605
LSO,2018.0,mics6,internet_fm_ratio,1.109
LTU,2022.0,itu,internet_fm_ratio,1.021
LUX,2022.0,itu,internet_fm_ratio,0.993
LVA,2022.0,itu,internet_fm_ratio,1.019
MDG,2021.0,dhs8,internet_fm_ratio,0.751
MDG,2018.0,mics6,internet_fm_ratio,0.71
MDV,2016.0,dhs7,internet_fm_ratio,0.902
MLI,2018.0,dhs7,internet_fm_ratio,0.391
MLT,2022.0,itu,internet_fm_ratio,0.998
MNE,2022.0,itu,internet_fm_ratio,0.987
MNG,2018.0,mics6,internet_fm_ratio,1.141
MRT,2019.0,dhs7,internet_fm_ratio,0.789
MWI,2015.0,dhs7,internet_fm_ratio,0.315
MWI,2019.0,mics6,internet_fm_ratio,0.353
NGA,2018.0,dhs7,internet_fm_ratio,0.446
NGA,2021.0,mics6,internet_fm_ratio,0.569
NLD,2022.0,itu,internet_fm_ratio,0.983
NOR,2022.0,itu,internet_fm_ratio,1.007
NPL,2016.0,dhs7,internet_fm_ratio,0.49
NPL,2022.0,dhs8,internet_fm_ratio,0.853
NPL,2019.0,mics6,internet_fm_ratio,0.671
PAK,2017.0,dhs7,internet_fm_ratio,0.424
PNG,2016.0,dhs7,internet_fm_ratio,0.621
POL,2022.0,itu,internet_fm_ratio,0.989
PRI,2021.0,itu,internet_fm_ratio,1.031
ROU,2022.0,itu,internet_fm_ratio,0.988
RWA,2019.0,dhs8,internet_fm_ratio,0.536
SEN,2017.0,continuous dhs7,internet_fm_ratio,0.643
SEN,2018.0,continuous dhs8,internet_fm_ratio,0.724
SEN,2019.0,continuous dhs8,internet_fm_ratio,0.802
SLE,2019.0,dhs7,internet_fm_ratio,0.472
SLE,2017.0,mics6,internet_fm_ratio,0.37
STP,2019.0,mics6,internet_fm_ratio,0.782
SUR,2018.0,mics6,internet_fm_ratio,0.994
SVK,2021.0,itu,internet_fm_ratio,0.994
SVN,2022.0,itu,internet_fm_ratio,0.988
SWE,2022.0,itu,internet_fm_ratio,1.019
SWZ,2021.0,mics6,internet_fm_ratio,1.083
TCA,2019.0,mics6,internet_fm_ratio,1.018
TCD,2019.0,mics6,internet_fm_ratio,0.108
TGO,2017.0,mics6,internet_fm_ratio,0.528
TLS,2016.0,dhs7,internet_fm_ratio,0.72
TON,2019.0,mics6,internet_fm_ratio,0.904
TUN,2018.0,mics6,internet_fm_ratio,0.815
TUV,2019.0,mics6,internet_fm_ratio,0.984
TZA,2015.0,dhs7,internet_fm_ratio,0.431
TZA,2022.0,dhs8,internet_fm_ratio,0.495
UGA,2016.0,dhs7,internet_fm_ratio,0.383
URY,2022.0,itu,internet_fm_ratio,1.029
UZB,2022.0,itu,internet_fm_ratio,0.937
VNM,2020.0,mics6,internet_fm_ratio,0.98
WSM,2019.0,mics6,internet_fm_ratio,0.765
XKX,2018.0,itu,internet_fm_ratio,0.996
ZAF,2016.0,dhs7,internet_fm_ratio,0.912
ZMB,2018.0,dhs7,internet_fm_ratio,0.464
ZWE,2015.0,dhs7,internet_fm_ratio,0.637
ZWE,2019.0,mics6,internet_fm_ratio,0.731
