gid_0,survey_year,source,outcome,observed
SEN,2017,continuous dhs7,internet_men,0.4504078693392139
SEN,2017,continuous dhs7,internet_women,0.28975141363573576
SEN,2017,continuous dhs7,internet_fm_ratio,0.6433089503094725
SEN,2017,continuous dhs7,mobile_women,0.6797595639020463
SEN,2017,continuous dhs7,mobile_men,0.8317015129161689
SEN,2017,continuous dhs7,mobile_fm_ratio,0.8173119242246256
SEN,2018,continuous dhs8,internet_men,0.5440601537492783
SEN,2018,continuous dhs8,internet_women,0.3939882583978311
SEN,2018,continuous dhs8,internet_fm_ratio,0.7241630464623118
SEN,2018,continuous dhs8,mobile_women,0.7079795416310909
SEN,2018,continuous dhs8,mobile_men,0.8332765011768593
SEN,2018,continuous dhs8,mobile_fm_ratio,0.8496333937548844
SEN,2019,continuous dhs8,internet_men,0.582989597
SEN,2019,continuous dhs8,internet_women,0.4673987919943147
SEN,2019,continuous dhs8,internet_fm_ratio,0.8017274997904329
SEN,2019,continuous dhs8,mobile_women,0.6972465363339038
SEN,2019,continuous dhs8,mobile_men,0.8450708153249044
SEN,2019,continuous dhs8,mobile_fm_ratio,0.8250746844994682
AGO,2015,dhs7,internet_men,0.3735364533419803
AGO,2015,dhs7,internet_women,0.17499525494305193
AGO,2015,dhs7,internet_fm_ratio,0.4684824021253962
AGO,2015,dhs7,mobile_women,0.5123604072272857
AGO,2015,dhs7,mobile_men,0.7032224586198265
AGO,2015,dhs7,mobile_fm_ratio,0.7285893687651351
ARM,2015,dhs7,internet_men,0.8897417676417472
ARM,2015,dhs7,internet_women,0.8534957537960136
ARM,2015,dhs7,internet_fm_ratio,0.9592623217612868
ARM,2015,dhs7,mobile_women,0.9674144501930796
ARM,2015,dhs7,mobile_men,0.9877288280649912
ARM,2015,dhs7,mobile_fm_ratio,0.9794332439281858
BEN,2017,dhs7,internet_men,0.20320961344177588
BEN,2017,dhs7,internet_women,0.063499106
BEN,2017,dhs7,internet_fm_ratio,0.3124808178737413
BEN,2017,dhs7,mobile_women,0.5111372919038368
BEN,2017,dhs7,mobile_men,0.7948865687365236
BEN,2017,dhs7,mobile_fm_ratio,0.6430317381211916
BDI,2016,dhs7,internet_men,0.13824062798858117
BDI,2016,dhs7,internet_women,0.044357696
BDI,2016,dhs7,internet_fm_ratio,0.3208730763124015
BDI,2016,dhs7,mobile_women,0.2355781337738155
BDI,2016,dhs7,mobile_men,0.47489448597355177
BDI,2016,dhs7,mobile_fm_ratio,0.49606415894863753
CMR,2018,dhs7,internet_men,0.3995510730651999
CMR,2018,dhs7,internet_women,0.2701966818196434
CMR,2018,dhs7,internet_fm_ratio,0.6762506724029044
CMR,2018,dhs7,mobile_women,0.6356715797794165
CMR,2018,dhs7,mobile_men,0.7729502734415573
CMR,2018,dhs7,mobile_fm_ratio,0.8223964744188418
ETH,2016,dhs7,internet_men,0.12120068867217217
ETH,2016,dhs7,internet_women,0.044186956
ETH,2016,dhs7,internet_fm_ratio,0.3645767751264007
ETH,2016,dhs7,mobile_women,0.27309174075862436
ETH,2016,dhs7,mobile_men,0.54763779
ETH,2016,dhs7,mobile_fm_ratio,0.49867219877991154
GAB,2019,dhs7,internet_men,0.755876122
GAB,2019,dhs7,internet_women,0.625257908
GAB,2019,dhs7,internet_fm_ratio,0.8271962689622885
GAB,2019,dhs7,mobile_women,0.8864744588850682
GAB,2019,dhs7,mobile_men,0.8893142576879649
GAB,2019,dhs7,mobile_fm_ratio,0.9968067544421476
GIN,2018,dhs7,internet_men,0.3219454025087156
GIN,2018,dhs7,internet_women,0.15357517525816697
GIN,2018,dhs7,internet_fm_ratio,0.4770224207628168
GIN,2018,dhs7,mobile_women,0.6893032963333957
GIN,2018,dhs7,mobile_men,0.8578595689706806
GIN,2018,dhs7,mobile_fm_ratio,0.8035153086424968
HTI,2016,dhs7,internet_men,0.4120744900501409
HTI,2016,dhs7,internet_women,0.27834781174284556
HTI,2016,dhs7,internet_fm_ratio,0.6754793574069009
HTI,2016,dhs7,mobile_women,0.5705614412696112
HTI,2016,dhs7,mobile_men,0.6961880139823946
HTI,2016,dhs7,mobile_fm_ratio,0.8195507963514576
IND,2019,dhs7,internet_men,0.5454911084813414
IND,2019,dhs7,internet_women,0.31329835
IND,2019,dhs7,internet_fm_ratio,0.5743418081843628
IND,2019,dhs7,mobile_women,0.5394572116949106
IND,2019,dhs7,mobile_men,0.9218175441308424
IND,2019,dhs7,mobile_fm_ratio,0.5852103977946641
IDN,2017,dhs7,internet_men,0.42526933855136145
IDN,2017,dhs7,internet_women,0.4818965678983352
IDN,2017,dhs7,internet_fm_ratio,1.1331561535564
IDN,2017,dhs7,mobile_women,0.7845682684944437
IDN,2017,dhs7,mobile_men,0.8676537226975517
IDN,2017,dhs7,mobile_fm_ratio,0.9042412289262198
JOR,2017,dhs7,internet_men,0.8667559400585889
JOR,2017,dhs7,internet_women,0.76456603
JOR,2017,dhs7,internet_fm_ratio,0.8821007098529521
JOR,2017,dhs7,mobile_women,0.9184381206390354
JOR,2017,dhs7,mobile_men,0.8862341947917725
JOR,2017,dhs7,mobile_fm_ratio,1.0363379409602105
LBR,2019,dhs7,internet_men,0.36401876153427704
LBR,2019,dhs7,internet_women,0.22006770015599209
LBR,2019,dhs7,internet_fm_ratio,0.604550434
LBR,2019,dhs7,mobile_women,0.4673442010887665
LBR,2019,dhs7,mobile_men,0.6059174434613493
LBR,2019,dhs7,mobile_fm_ratio,0.7713001269925938
MWI,2015,dhs7,internet_men,0.1746510693740516
MWI,2015,dhs7,internet_women,0.055032177
MWI,2015,dhs7,internet_fm_ratio,0.3150978524912056
MWI,2015,dhs7,mobile_women,0.3284116104154995
MWI,2015,dhs7,mobile_men,0.5215037358956176
MWI,2015,dhs7,mobile_fm_ratio,0.629739708
MDV,2016,dhs7,internet_men,0.8682567086347552
MDV,2016,dhs7,internet_women,0.7828075013050764
MDV,2016,dhs7,internet_fm_ratio,0.9015853186276684
MDV,2016,dhs7,mobile_women,0.954525749
MDV,2016,dhs7,mobile_men,0.9670053061888726
MDV,2016,dhs7,mobile_fm_ratio,0.9870946340160814
MLI,2018,dhs7,internet_men,0.36288221692701017
MLI,2018,dhs7,internet_women,0.14183376973799144
MLI,2018,dhs7,internet_fm_ratio,0.390853459
MLI,2018,dhs7,mobile_women,0.5834154191450893
MLI,2018,dhs7,mobile_men,0.8738575491058844
MLI,2018,dhs7,mobile_fm_ratio,0.6676321784277423
MRT,2019,dhs7,internet_men,0.42476817168043146
MRT,2019,dhs7,internet_women,0.33516616096726726
MRT,2019,dhs7,internet_fm_ratio,0.7890566744709511
MRT,2019,dhs7,mobile_women,0.767088661
MRT,2019,dhs7,mobile_men,0.8472281030988561
MRT,2019,dhs7,mobile_fm_ratio,0.90540984
NPL,2016,dhs7,internet_men,0.4709636445134004
NPL,2016,dhs7,internet_women,0.23088074258221297
NPL,2016,dhs7,internet_fm_ratio,0.490230499258088
NPL,2016,dhs7,mobile_women,0.7263265778229976
NPL,2016,dhs7,mobile_men,0.8931896714010584
NPL,2016,dhs7,mobile_fm_ratio,0.8131829118485896
NGA,2018,dhs7,internet_men,0.3519125463740364
NGA,2018,dhs7,internet_women,0.1569069596180789
NGA,2018,dhs7,internet_fm_ratio,0.4458691832240264
NGA,2018,dhs7,mobile_women,0.5531470411253213
NGA,2018,dhs7,mobile_men,0.8064989529420277
NGA,2018,dhs7,mobile_fm_ratio,0.6858620697615243
PAK,2017,dhs7,internet_men,0.2836344853949981
PAK,2017,dhs7,internet_women,0.12024021452037398
PAK,2017,dhs7,internet_fm_ratio,0.42392664048916257
PAK,2017,dhs7,mobile_women,0.3918442730350977
PAK,2017,dhs7,mobile_men,0.9273207961382008
PAK,2017,dhs7,mobile_fm_ratio,0.4225552523645768
PNG,2016,dhs7,internet_men,0.18128957615978297
PNG,2016,dhs7,internet_women,0.1124915229488388
PNG,2016,dhs7,internet_fm_ratio,0.6205073966839234
PNG,2016,dhs7,mobile_women,0.34263959212723444
PNG,2016,dhs7,mobile_men,0.5036594507493762
PNG,2016,dhs7,mobile_fm_ratio,0.6803001345798906
SLE,2019,dhs7,internet_men,0.27826285939860396
SLE,2019,dhs7,internet_women,0.131416818
SLE,2019,dhs7,internet_fm_ratio,0.47227581256449674
SLE,2019,dhs7,mobile_women,0.4262635752155875
SLE,2019,dhs7,mobile_men,0.6425067259321391
SLE,2019,dhs7,mobile_fm_ratio,0.6634383081315931
ZAF,2016,dhs7,internet_men,0.5201718947351701
ZAF,2016,dhs7,internet_women,0.4744655365427877
ZAF,2016,dhs7,internet_fm_ratio,0.912132203498514
ZAF,2016,dhs7,mobile_women,0.9120463125229396
ZAF,2016,dhs7,mobile_men,0.8853999662764878
ZAF,2016,dhs7,mobile_fm_ratio,1.0300952645825274
TZA,2015,dhs7,internet_men,0.18685196012489705
TZA,2015,dhs7,internet_women,0.08051428
TZA,2015,dhs7,internet_fm_ratio,0.4308987729773753
TZA,2015,dhs7,mobile_women,0.5217912071951862
TZA,2015,dhs7,mobile_men,0.6883637654723441
TZA,2015,dhs7,mobile_fm_ratio,0.7580166670120144
TLS,2016,dhs7,internet_men,0.3110098198234735
TLS,2016,dhs7,internet_women,0.2240420041155491
TLS,2016,dhs7,internet_fm_ratio,0.7203695505264541
TLS,2016,dhs7,mobile_women,0.655816569
TLS,2016,dhs7,mobile_men,0.7730271043676666
TLS,2016,dhs7,mobile_fm_ratio,0.848374611
UGA,2016,dhs7,internet_men,0.22531263280578165
UGA,2016,dhs7,internet_women,0.086270146
UGA,2016,dhs7,internet_fm_ratio,0.3828908539614584
UGA,2016,dhs7,mobile_women,0.4554547664978901
UGA,2016,dhs7,mobile_men,0.6580757538364643
UGA,2016,dhs7,mobile_fm_ratio,0.692100816
ZMB,2018,dhs7,internet_men,0.2595165104734231
ZMB,2018,dhs7,internet_women,0.12051395442089896
ZMB,2018,dhs7,internet_fm_ratio,0.46437875648470817
ZMB,2018,dhs7,mobile_women,0.5300704010873623
ZMB,2018,dhs7,mobile_men,0.656508597
ZMB,2018,dhs7,mobile_fm_ratio,0.807408164
ZWE,2015,dhs7,internet_men,0.37808694672793025
ZWE,2015,dhs7,internet_women,0.24069715598331928
ZWE,2015,dhs7,internet_fm_ratio,0.6366185293260704
ZWE,2015,dhs7,mobile_women,0.6949314067201032
ZWE,2015,dhs7,mobile_men,0.7336538219620048
ZWE,2015,dhs7,mobile_fm_ratio,0.947219773
BFA,2021,dhs8,internet_men,0.3937934575172683
BFA,2021,dhs8,internet_women,0.151753718
BFA,2021,dhs8,internet_fm_ratio,0.3853637366669034
BFA,2021,dhs8,mobile_women,0.7521631634875111
BFA,2021,dhs8,mobile_men,0.9006638880528361
BFA,2021,dhs8,mobile_fm_ratio,0.8351208186148422
KHM,2021,dhs8,internet_men,0.7636197856317694
KHM,2021,dhs8,internet_women,0.6367791887185593
KHM,2021,dhs8,internet_fm_ratio,0.8338956123193293
KHM,2021,dhs8,mobile_women,0.8484462422327026
KHM,2021,dhs8,mobile_men,0.9130331794802572
KHM,2021,dhs8,mobile_fm_ratio,0.929261127964352
CIV,2021,dhs8,internet_men,0.5219519526511455
CIV,2021,dhs8,internet_women,0.2989750908605469
CIV,2021,dhs8,internet_fm_ratio,0.5728019396075935
CIV,2021,dhs8,mobile_women,0.7823241118930827
CIV,2021,dhs8,mobile_men,0.9195286474167108
CIV,2021,dhs8,mobile_fm_ratio,0.8507881881558716
GMB,2019,dhs8,internet_men,0.7329063098709894
GMB,2019,dhs8,internet_women,0.6181692519096892
GMB,2019,dhs8,internet_fm_ratio,0.8434492152462204
GMB,2019,dhs8,mobile_women,0.7640330413149307
GMB,2019,dhs8,mobile_men,0.8555230078653954
GMB,2019,dhs8,mobile_fm_ratio,0.8930596071533597
GHA,2022,dhs8,internet_men,0.6156582511742674
GHA,2022,dhs8,internet_women,0.4332442005975113
GHA,2022,dhs8,internet_fm_ratio,0.7037089160604424
GHA,2022,dhs8,mobile_women,0.7963426515238584
GHA,2022,dhs8,mobile_men,0.874813729
GHA,2022,dhs8,mobile_fm_ratio,0.9102996736098276
KEN,2022,dhs8,internet_men,0.561969146
KEN,2022,dhs8,internet_women,0.44188873428258313
KEN,2022,dhs8,internet_fm_ratio,0.7863220560178031
KEN,2022,dhs8,mobile_women,0.7751062869961347
KEN,2022,dhs8,mobile_men,0.8044903024956627
KEN,2022,dhs8,mobile_fm_ratio,0.9634749910491476
MDG,2021,dhs8,internet_men,0.17650744575291177
MDG,2021,dhs8,internet_women,0.13252041288800331
MDG,2021,dhs8,internet_fm_ratio,0.750792196
MDG,2021,dhs8,mobile_women,0.34591467001713344
MDG,2021,dhs8,mobile_men,0.466937764
MDG,2021,dhs8,mobile_fm_ratio,0.7408153654340093
NPL,2022,dhs8,internet_men,0.7577056401725607
NPL,2022,dhs8,internet_women,0.6460716996359791
NPL,2022,dhs8,internet_fm_ratio,0.8526684577520659
NPL,2022,dhs8,mobile_women,0.79637957
NPL,2022,dhs8,mobile_men,0.9156008323051312
NPL,2022,dhs8,mobile_fm_ratio,0.8697890411160277
RWA,2019,dhs8,internet_men,0.22966071153891615
RWA,2019,dhs8,internet_women,0.12320073959853352
RWA,2019,dhs8,internet_fm_ratio,0.5364467382034436
RWA,2019,dhs8,mobile_women,0.4794172858145324
RWA,2019,dhs8,mobile_men,0.616106655
RWA,2019,dhs8,mobile_fm_ratio,0.7781400863144061
TZA,2022,dhs8,internet_men,0.2580125278381164
TZA,2022,dhs8,internet_women,0.12781710402104116
TZA,2022,dhs8,internet_fm_ratio,0.49539107690629985
TZA,2022,dhs8,mobile_women,0.5939911514287685
TZA,2022,dhs8,mobile_men,0.7508200829116272
TZA,2022,dhs8,mobile_fm_ratio,0.7911231531331885
ALB,2017,dhs7,mobile_women,0.90148765
ALB,2017,dhs7,mobile_men,0.94195925073125375
ALB,2017,dhs7,mobile_fm_ratio,0.9570346582974304
BEN,2021,mics6,internet_men,0.3156410752132034
BEN,2021,mics6,internet_women,0.1548692657524681
BEN,2021,mics6,internet_fm_ratio,0.4906499119224577
BEN,2021,mics6,mobile_women,0.5213056400069291
BEN,2021,mics6,mobile_men,0.7232782415645105
BEN,2021,mics6,mobile_fm_ratio,0.7207539367965806
CAF,2018,mics6,internet_men,0.052649006
CAF,2018,mics6,internet_women,0.026307214
CAF,2018,mics6,internet_fm_ratio,0.4996716196364787
CAF,2018,mics6,mobile_women,0.20572534099486933
CAF,2018,mics6,mobile_men,0.3686954829016917
CAF,2018,mics6,mobile_fm_ratio,0.5579817234965245
TCD,2019,mics6,internet_men,0.066844307
TCD,2019,mics6,internet_women,0.007227841
TCD,2019,mics6,internet_fm_ratio,0.10812948899518889
TCD,2019,mics6,mobile_women,0.3182514868960888
TCD,2019,mics6,mobile_men,0.707347539
TCD,2019,mics6,mobile_fm_ratio,0.4499223778566519
COM,2022,mics6,internet_men,0.5880330972981149
COM,2022,mics6,internet_women,0.4175418062962382
COM,2022,mics6,internet_fm_ratio,0.7100651446572525
COM,2022,mics6,mobile_women,0.6919934988100596
COM,2022,mics6,mobile_men,0.7440499663255742
COM,2022,mics6,mobile_fm_ratio,0.9300363283764516
CUB,2019,mics6,internet_men,0.36885781386184896
CUB,2019,mics6,internet_women,0.4232076929861179
CUB,2019,mics6,internet_fm_ratio,1.147346422067732
CUB,2019,mics6,mobile_women,0.7324901966527279
CUB,2019,mics6,mobile_men,0.7515000741261157
CUB,2019,mics6,mobile_fm_ratio,0.9747040910202256
COD,2017,mics6,internet_men,0.17734538960872082
COD,2017,mics6,internet_women,0.077666748
COD,2017,mics6,internet_fm_ratio,0.4379406118984068
COD,2017,mics6,mobile_women,0.3344178822445991
COD,2017,mics6,mobile_men,0.5324782018791303
COD,2017,mics6,mobile_fm_ratio,0.6280405114508522
SWZ,2021,mics6,internet_men,0.5535119279722196
SWZ,2021,mics6,internet_women,0.5994950161805256
SWZ,2021,mics6,internet_fm_ratio,1.0830751531891356
SWZ,2021,mics6,mobile_women,0.9023153656954642
SWZ,2021,mics6,mobile_men,0.9111226642520772
SWZ,2021,mics6,mobile_fm_ratio,0.990333575376656
FJI,2021,mics6,internet_men,0.8192900156723519
FJI,2021,mics6,internet_women,0.7857066857011076
FJI,2021,mics6,internet_fm_ratio,0.9590092283210798
FJI,2021,mics6,mobile_women,0.7943553474396687
FJI,2021,mics6,mobile_men,0.8357571265666713
FJI,2021,mics6,mobile_fm_ratio,0.9504619490388516
GHA,2017,mics6,internet_men,0.38598166762286373
GHA,2017,mics6,internet_women,0.16118041746050368
GHA,2017,mics6,internet_fm_ratio,0.4175856808256251
GHA,2017,mics6,mobile_women,0.6795560869491458
GHA,2017,mics6,mobile_men,0.7992053357748365
GHA,2017,mics6,mobile_fm_ratio,0.8502897272204899
GNB,2018,mics6,internet_men,0.34241286882512334
GNB,2018,mics6,internet_women,0.12463008413656958
GNB,2018,mics6,internet_fm_ratio,0.3639760519638077
GNB,2018,mics6,mobile_women,0.6071439568554836
GNB,2018,mics6,mobile_men,0.8718301243127462
GNB,2018,mics6,mobile_fm_ratio,0.6964016726699921
GUY,2019,mics6,internet_men,0.7487307148820644
GUY,2019,mics6,internet_women,0.696847673
GUY,2019,mics6,internet_fm_ratio,0.9307053384476812
GUY,2019,mics6,mobile_women,0.8793508849681306
GUY,2019,mics6,mobile_men,0.878040618
GUY,2019,mics6,mobile_fm_ratio,1.001492262242304
KIR,2020,mics6,internet_men,0.4827561865772422
KIR,2020,mics6,internet_women,0.5344077157502289
KIR,2020,mics6,internet_fm_ratio,1.1069929927551998
KIR,2020,mics6,mobile_women,0.5271755772005237
KIR,2020,mics6,mobile_men,0.5302600498207312
KIR,2020,mics6,mobile_fm_ratio,0.9941830944623298
LAO,2017,mics6,internet_men,0.2827590770399133
LAO,2017,mics6,internet_women,0.2785273368573344
LAO,2017,mics6,internet_fm_ratio,0.985034113751964
LAO,2017,mics6,mobile_women,0.7312750057323626
LAO,2017,mics6,mobile_men,0.8426809867988208
LAO,2017,mics6,mobile_fm_ratio,0.8677957817825372
LSO,2018,mics6,internet_men,0.43973352
LSO,2018,mics6,internet_women,0.4875050589776998
LSO,2018,mics6,internet_fm_ratio,1.108637474733321
LSO,2018,mics6,mobile_women,0.8685600854772271
LSO,2018,mics6,mobile_men,0.8358467112719916
LSO,2018,mics6,mobile_fm_ratio,1.0391380067230895
MDG,2018,mics6,internet_men,0.12187956085965396
MDG,2018,mics6,internet_women,0.086529664
MDG,2018,mics6,internet_fm_ratio,0.7099604153819825
MDG,2018,mics6,mobile_women,0.3204140313875357
MDG,2018,mics6,mobile_men,0.4214897805812379
MDG,2018,mics6,mobile_fm_ratio,0.760194069
MWI,2019,mics6,internet_men,0.20215595248708704
MWI,2019,mics6,internet_women,0.071425824
MWI,2019,mics6,internet_fm_ratio,0.3533204113974328
MWI,2019,mics6,mobile_women,0.3403721089575961
MWI,2019,mics6,mobile_men,0.5030699756911341
MWI,2019,mics6,mobile_fm_ratio,0.6765899882814149
MNG,2018,mics6,internet_men,0.6474918661739121
MNG,2018,mics6,internet_women,0.7387373918657043
MNG,2018,mics6,internet_fm_ratio,1.1409215010390328
MNG,2018,mics6,mobile_women,0.7788802988007781
MNG,2018,mics6,mobile_men,0.6731470508300548
MNG,2018,mics6,mobile_fm_ratio,1.1570730315765985
NPL,2019,mics6,internet_men,0.6105197177011639
NPL,2019,mics6,internet_women,0.4095629638826214
NPL,2019,mics6,internet_fm_ratio,0.670843139
NPL,2019,mics6,mobile_women,0.7929788037745342
NPL,2019,mics6,mobile_men,0.9140520568869114
NPL,2019,mics6,mobile_fm_ratio,0.8675422781447155
NGA,2021,mics6,internet_men,0.3908091197458725
NGA,2021,mics6,internet_women,0.22228528328604633
NGA,2021,mics6,internet_fm_ratio,0.5687822316700017
NGA,2021,mics6,mobile_women,0.5815820701760624
NGA,2021,mics6,mobile_men,0.7341245073563893
NGA,2021,mics6,mobile_fm_ratio,0.7922117629206549
WSM,2019,mics6,internet_men,0.7100593552995953
WSM,2019,mics6,internet_women,0.543186754
WSM,2019,mics6,internet_fm_ratio,0.7649878136036631
WSM,2019,mics6,mobile_women,0.773758774
WSM,2019,mics6,mobile_men,0.8064174460447975
WSM,2019,mics6,mobile_fm_ratio,0.9595015309355358
STP,2019,mics6,internet_men,0.6367012522364899
STP,2019,mics6,internet_women,0.4981850091257132
STP,2019,mics6,internet_fm_ratio,0.7824470383492702
STP,2019,mics6,mobile_women,0.6713407568028363
STP,2019,mics6,mobile_men,0.5961766962860238
STP,2019,mics6,mobile_fm_ratio,1.1260768174688125
SLE,2017,mics6,internet_men,0.20383774
SLE,2017,mics6,internet_women,0.075445205
SLE,2017,mics6,internet_fm_ratio,0.37012382912156977
SLE,2017,mics6,mobile_women,0.4523137590302138
SLE,2017,mics6,mobile_men,0.6481023015445473
SLE,2017,mics6,mobile_fm_ratio,0.6979048800664135
SUR,2018,mics6,internet_men,0.801354435
SUR,2018,mics6,internet_women,0.7963662457367273
SUR,2018,mics6,internet_fm_ratio,0.9937753024101124
SUR,2018,mics6,mobile_women,0.9305169616961764
SUR,2018,mics6,mobile_men,0.940145266
SUR,2018,mics6,mobile_fm_ratio,0.989758706
GMB,2018,mics6,internet_men,0.6550276172670155
GMB,2018,mics6,internet_women,0.43290606875318793
GMB,2018,mics6,internet_fm_ratio,0.6608974298815221
GMB,2018,mics6,mobile_women,0.7409862526174502
GMB,2018,mics6,mobile_men,0.8507399953560809
GMB,2018,mics6,mobile_fm_ratio,0.8709902633733674
TGO,2017,mics6,internet_men,0.29005715018892086
TGO,2017,mics6,internet_women,0.15313599989758728
TGO,2017,mics6,internet_fm_ratio,0.5279511289338887
TGO,2017,mics6,mobile_women,0.5664694648463445
TGO,2017,mics6,mobile_men,0.782687259
TGO,2017,mics6,mobile_fm_ratio,0.7237494392371467
TON,2019,mics6,internet_men,0.8659732525649007
TON,2019,mics6,internet_women,0.7824602581677556
TON,2019,mics6,internet_fm_ratio,0.9035616929855624
TON,2019,mics6,mobile_women,0.8440186623566203
TON,2019,mics6,mobile_men,0.8827056666423356
TON,2019,mics6,mobile_fm_ratio,0.9561722488619856
TUN,2018,mics6,internet_men,0.624823465
TUN,2018,mics6,internet_women,0.5090936369643226
TUN,2018,mics6,internet_fm_ratio,0.8147799584680931
TUN,2018,mics6,mobile_women,0.914538524
TUN,2018,mics6,mobile_men,0.9605194042073818
TUN,2018,mics6,mobile_fm_ratio,0.9521291499167296
TCA,2019,mics6,internet_men,0.9083936948079616
TCA,2019,mics6,internet_women,0.9249607321048736
TCA,2019,mics6,internet_fm_ratio,1.0182377281916453
TCA,2019,mics6,mobile_women,0.9898006938039906
TCA,2019,mics6,mobile_men,0.9843923456735608
TCA,2019,mics6,mobile_fm_ratio,1.0054940981146383
TUV,2019,mics6,internet_men,0.8522841079438912
TUV,2019,mics6,internet_women,0.8387479555983325
TUV,2019,mics6,internet_fm_ratio,0.984117793
TUV,2019,mics6,mobile_women,0.7782540005472108
TUV,2019,mics6,mobile_men,0.8265665991095021
TUV,2019,mics6,mobile_fm_ratio,0.9415502651397472
VNM,2020,mics6,internet_men,0.8303790170993605
VNM,2020,mics6,internet_women,0.8134750508381784
VNM,2020,mics6,internet_fm_ratio,0.979643071521448
VNM,2020,mics6,mobile_women,0.943067185
VNM,2020,mics6,mobile_men,0.9416870028945092
VNM,2020,mics6,mobile_fm_ratio,1.0014656484913251
ZWE,2019,mics6,internet_men,0.4339490712115125
ZWE,2019,mics6,internet_women,0.3171485227837993
ZWE,2019,mics6,internet_fm_ratio,0.7308427274619443
ZWE,2019,mics6,mobile_women,0.7201546908201701
ZWE,2019,mics6,mobile_men,0.7295738423490685
ZWE,2019,mics6,mobile_fm_ratio,0.9870895158486346
ALB,2022,itu,internet_men,0.8372312325213711
ALB,2022,itu,internet_women,0.8196698706672004
ALB,2022,itu,internet_fm_ratio,0.979024478
DZA,2018,itu,internet_men,0.5735625506142148
DZA,2018,itu,internet_women,0.4527795083369805
DZA,2018,itu,internet_fm_ratio,0.7894160939414706
DZA,2018,itu,mobile_women,0.831
DZA,2018,itu,mobile_men,0.926
DZA,2018,itu,mobile_fm_ratio,0.8974082073434124
AND,2017,itu,internet_men,0.9426976013130006
AND,2017,itu,internet_women,0.9227320518178388
AND,2017,itu,internet_fm_ratio,0.9788208334598988
AGO,2014,itu,internet_men,0.2702116861304209
AGO,2014,itu,internet_women,0.24242963
AGO,2014,itu,internet_fm_ratio,0.8971841070927866
AGO,2014,itu,mobile_women,0.7979999999999999
AGO,2014,itu,mobile_men,0.7759999999999999
AGO,2014,itu,mobile_fm_ratio,1.0283505154639176
ARG,2022,itu,internet_men,0.8856241381026363
ARG,2022,itu,internet_women,0.8846489396386031
ARG,2022,itu,internet_fm_ratio,0.9988988574022808
ARG,2022,itu,mobile_women,0.892
ARG,2022,itu,mobile_men,0.894
ARG,2022,itu,mobile_fm_ratio,0.9977628635346756
ARM,2022,itu,internet_men,0.7472204281402177
ARM,2022,itu,internet_women,0.7980101810100662
ARM,2022,itu,internet_fm_ratio,1.0679715796799891
AUS,2017,itu,internet_men,0.8855939727271075
AUS,2017,itu,internet_women,0.8813817351996736
AUS,2017,itu,internet_fm_ratio,0.995243602
AUT,2022,itu,internet_men,0.9407920504652788
AUT,2022,itu,internet_women,0.931906444
AUT,2022,itu,internet_fm_ratio,0.9905551857971095
AZE,2021,itu,internet_men,0.8860052482721807
AZE,2021,itu,internet_women,0.8436297134807035
AZE,2021,itu,internet_fm_ratio,0.9521723659378828
AZE,2021,itu,mobile_women,0.8340000000000001
AZE,2021,itu,mobile_men,0.846
AZE,2021,itu,mobile_fm_ratio,0.9858156028368796
BHS,2010,itu,internet_men,0.6695258106865989
BHS,2010,itu,internet_women,0.716329039
BHS,2010,itu,internet_fm_ratio,1.069905039983705
BHR,2022,itu,internet_men,0.9949921047162956
BHR,2022,itu,internet_women,1
BHR,2022,itu,internet_fm_ratio,1.0050331005240811
BHR,2022,itu,mobile_women,1
BHR,2022,itu,mobile_men,1
BHR,2022,itu,mobile_fm_ratio,1
BGD,2021,itu,internet_men,0.468858402
BGD,2021,itu,internet_women,0.3425032573224608
BGD,2021,itu,internet_fm_ratio,0.7305046806100687
BGD,2021,itu,mobile_women,0.514
BGD,2021,itu,mobile_men,0.723
BGD,2021,itu,mobile_fm_ratio,0.710926694
BLR,2022,itu,internet_men,0.8846562799910109
BLR,2022,itu,internet_women,0.9043395665996344
BLR,2022,itu,internet_fm_ratio,1.0222496432273374
BLR,2022,itu,mobile_women,0.979
BLR,2022,itu,mobile_men,0.958
BLR,2022,itu,mobile_fm_ratio,1.0219206680584552
BEL,2022,itu,internet_men,0.9427277666885292
BEL,2022,itu,internet_women,0.936829101
BEL,2022,itu,internet_fm_ratio,0.9937429809414512
BLZ,2010,itu,internet_men,0.3385183365107445
BLZ,2010,itu,internet_women,0.3362999389048668
BLZ,2010,itu,internet_fm_ratio,0.9934467431550572
BTN,2021,itu,internet_men,0.8511623562536698
BTN,2021,itu,internet_women,0.8702120598780956
BTN,2021,itu,internet_fm_ratio,1.0223808107636148
BTN,2021,itu,mobile_women,0.878
BTN,2021,itu,mobile_men,0.863
BTN,2021,itu,mobile_fm_ratio,1.0173812282734649
BOL,2021,itu,internet_men,0.6914657678354943
BOL,2021,itu,internet_women,0.6477079752184436
BOL,2021,itu,internet_fm_ratio,0.9367173406804702
BIH,2022,itu,internet_men,0.8091633472842371
BIH,2022,itu,internet_women,0.7753659600048805
BIH,2022,itu,internet_fm_ratio,0.9582316878380744
BWA,2014,itu,internet_men,0.4453940043346013
BWA,2014,itu,internet_women,0.3763258936819698
BWA,2014,itu,internet_fm_ratio,0.8449280637358013
BRA,2022,itu,internet_men,0.8004526242796095
BRA,2022,itu,internet_women,0.8157317452749943
BRA,2022,itu,internet_fm_ratio,1.0190881015714524
BRA,2022,itu,mobile_women,0.89
BRA,2022,itu,mobile_men,0.871
BRA,2022,itu,mobile_fm_ratio,1.0218140068886337
VGB,2017,itu,internet_men,0.7868724453413264
VGB,2017,itu,internet_women,0.8075418840958066
VGB,2017,itu,internet_fm_ratio,1.0262678390593718
VGB,2017,itu,mobile_women,0.774
VGB,2017,itu,mobile_men,0.7559999999999999
VGB,2017,itu,mobile_fm_ratio,1.023809523809524
BRN,2019,itu,internet_men,0.9254817930762818
BRN,2019,itu,internet_women,1
BRN,2019,itu,internet_fm_ratio,1.0805182851582864
BRN,2019,itu,mobile_women,0.987
BRN,2019,itu,mobile_men,0.909
BRN,2019,itu,mobile_fm_ratio,1.0858085808580855
BGR,2022,itu,internet_men,0.802388341
BGR,2022,itu,internet_women,0.7861958048334474
BGR,2022,itu,internet_fm_ratio,0.9798195775635714
BFA,2019,itu,internet_men,0.1560345943341637
BFA,2019,itu,internet_women,0.092306851
BFA,2019,itu,internet_fm_ratio,0.5915793940013764
BFA,2019,itu,mobile_women,0.449
BFA,2019,itu,mobile_men,0.609
BFA,2019,itu,mobile_fm_ratio,0.7372742200328407
BDI,2017,itu,internet_men,0.081400668
BDI,2017,itu,internet_women,0.048369762
BDI,2017,itu,internet_fm_ratio,0.5942182408795528
BDI,2017,itu,mobile_women,0.119
BDI,2017,itu,mobile_men,0.253
BDI,2017,itu,mobile_fm_ratio,0.4703557312252964
CPV,2019,itu,internet_men,0.6457707988165683
CPV,2019,itu,internet_women,0.627694998
CPV,2019,itu,internet_fm_ratio,0.9720089526813512
CPV,2019,itu,mobile_women,0.708
CPV,2019,itu,mobile_men,0.725
CPV,2019,itu,mobile_fm_ratio,0.976551724
KHM,2019,itu,internet_men,0.5499528457656631
KHM,2019,itu,internet_women,0.5361335824610972
KHM,2019,itu,internet_fm_ratio,0.9748719123630932
KHM,2019,itu,mobile_women,0.7090000000000001
KHM,2019,itu,mobile_men,0.7240000000000001
KHM,2019,itu,mobile_fm_ratio,0.9792817679558012
CMR,2017,itu,internet_men,0.3087505381984254
CMR,2017,itu,internet_women,0.22273026335318163
CMR,2017,itu,internet_fm_ratio,0.7213923080193598
CAN,2022,itu,internet_men,0.9465991991350304
CAN,2022,itu,internet_women,0.9427362891736452
CAN,2022,itu,internet_fm_ratio,0.9959191704737178
CHL,2017,itu,internet_men,0.8565582293783484
CHL,2017,itu,internet_women,0.8282170424048895
CHL,2017,itu,internet_fm_ratio,0.966912714
CHL,2017,itu,mobile_women,0.972
CHL,2017,itu,mobile_men,0.867
CHL,2017,itu,mobile_fm_ratio,1.1211072664359862
CHN,2022,itu,internet_men,0.7627061579262224
CHN,2022,itu,internet_women,0.7576443957399523
CHN,2022,itu,internet_fm_ratio,0.9933634177019984
COL,2022,itu,internet_men,0.7239918334612103
COL,2022,itu,internet_women,0.7418918941711274
COL,2022,itu,internet_fm_ratio,1.0247241196414354
COL,2022,itu,mobile_women,0.767
COL,2022,itu,mobile_men,0.7490000000000001
COL,2022,itu,mobile_fm_ratio,1.0240320427236314
CRI,2022,itu,internet_men,0.8227133608469915
CRI,2022,itu,internet_women,0.8344378408879738
CRI,2022,itu,internet_fm_ratio,1.0142509901977426
HRV,2022,itu,internet_men,0.8381990906329962
HRV,2022,itu,internet_women,0.8088400258386335
HRV,2022,itu,internet_fm_ratio,0.9649736379787872
CUB,2019,itu,internet_men,0.6244779203608116
CUB,2019,itu,internet_women,0.7665139179051615
CUB,2019,itu,internet_fm_ratio,1.2274475892795125
CUW,2017,itu,internet_men,0.6968616409601729
CUW,2017,itu,internet_women,0.7100732806387026
CUW,2017,itu,internet_fm_ratio,1.018958770151742
CUW,2017,itu,mobile_women,0.879
CUW,2017,itu,mobile_men,0.865
CUW,2017,itu,mobile_fm_ratio,1.016184971098266
CYP,2022,itu,internet_men,0.8817527056561352
CYP,2022,itu,internet_women,0.9112312860359952
CYP,2022,itu,internet_fm_ratio,1.0334318003117715
CZE,2022,itu,internet_men,0.8691705502050061
CZE,2022,itu,internet_women,0.8265615901035614
CZE,2022,itu,internet_fm_ratio,0.9509774461509368
CZE,2022,itu,mobile_women,0.986
CZE,2022,itu,mobile_men,0.991
CZE,2022,itu,mobile_fm_ratio,0.9949545913218972
CIV,2022,itu,internet_men,0.4462165554247476
CIV,2022,itu,internet_women,0.35103294899465914
CIV,2022,itu,internet_fm_ratio,0.786687416
CIV,2022,itu,mobile_women,0.608
CIV,2022,itu,mobile_men,0.6559999999999999
CIV,2022,itu,mobile_fm_ratio,0.926829268
DNK,2022,itu,internet_men,0.9727313681489136
DNK,2022,itu,internet_women,0.9821175430957074
DNK,2022,itu,internet_fm_ratio,1.0096492981044247
DJI,2017,itu,internet_men,0.6233044244766497
DJI,2017,itu,internet_women,0.5417184201218862
DJI,2017,itu,internet_fm_ratio,0.869107291
DJI,2017,itu,mobile_women,0.516
DJI,2017,itu,mobile_men,0.613
DJI,2017,itu,mobile_fm_ratio,0.8417618270799347
DOM,2021,itu,internet_men,0.84922664
DOM,2021,itu,internet_women,0.8662739344858894
DOM,2021,itu,internet_fm_ratio,1.0200739044819176
DOM,2021,itu,mobile_women,0.747
DOM,2021,itu,mobile_men,0.742
DOM,2021,itu,mobile_fm_ratio,1.0067385444743937
ECU,2022,itu,internet_men,0.7026989550054535
ECU,2022,itu,internet_women,0.7025106402490651
ECU,2022,itu,internet_fm_ratio,0.9997320121866596
ECU,2022,itu,mobile_women,0.583
ECU,2022,itu,mobile_men,0.594
ECU,2022,itu,mobile_fm_ratio,0.9814814814814816
EGY,2022,itu,internet_men,0.7946454756098575
EGY,2022,itu,internet_women,0.6591912609347966
EGY,2022,itu,internet_fm_ratio,0.8295413252417937
EGY,2022,itu,mobile_women,0.962
EGY,2022,itu,mobile_men,0.986
EGY,2022,itu,mobile_fm_ratio,0.9756592292089248
SLV,2020,itu,internet_men,0.5873182019495057
SLV,2020,itu,internet_women,0.5397406173930378
SLV,2020,itu,internet_fm_ratio,0.9189918098936114
EST,2022,itu,internet_men,0.9001420097770159
EST,2022,itu,internet_women,0.9210766
EST,2022,itu,internet_fm_ratio,1.0232569855779543
ETH,2021,itu,internet_men,0.22108672558559575
ETH,2021,itu,internet_women,0.15544230119266486
ETH,2021,itu,internet_fm_ratio,0.7030829226899195
FIN,2022,itu,internet_men,0.9291777531257752
FIN,2022,itu,internet_women,0.9309219129970264
FIN,2022,itu,internet_fm_ratio,1.0018771003345526
FRA,2022,itu,internet_men,0.8585241109771278
FRA,2022,itu,internet_women,0.8521594051529019
FRA,2022,itu,internet_fm_ratio,0.9925864565213178
FRA,2022,itu,mobile_women,0.944
FRA,2022,itu,mobile_men,0.955
FRA,2022,itu,mobile_fm_ratio,0.9884816753926702
GEO,2022,itu,internet_men,0.789806185
GEO,2022,itu,internet_women,0.7911184615737052
GEO,2022,itu,internet_fm_ratio,1.001661517150424
GEO,2022,itu,mobile_women,0.907
GEO,2022,itu,mobile_men,0.933
GEO,2022,itu,mobile_fm_ratio,0.9721329046087888
DEU,2022,itu,internet_men,0.925306321
DEU,2022,itu,internet_women,0.9082776919918408
DEU,2022,itu,internet_fm_ratio,0.981596766058042
GHA,2010,itu,internet_men,0.16623959264144006
GHA,2010,itu,internet_women,0.1103499945270344
GHA,2010,itu,internet_fm_ratio,0.6638009199471923
GRC,2022,itu,internet_men,0.8381990906329962
GRC,2022,itu,internet_women,0.8304997154957676
GRC,2022,itu,internet_fm_ratio,0.9908143838101588
GTM,2021,itu,internet_men,0.5472549092033239
GTM,2021,itu,internet_women,0.4990437416626584
GTM,2021,itu,internet_fm_ratio,0.9119036362581932
GTM,2021,itu,mobile_women,0.603
GTM,2021,itu,mobile_men,0.6709999999999999
GTM,2021,itu,mobile_fm_ratio,0.8986587183308495
GIN,2018,itu,internet_men,0.3248230159265112
GIN,2018,itu,internet_women,0.18203338762280216
GIN,2018,itu,internet_fm_ratio,0.5604079104541837
GIN,2018,itu,mobile_women,0.6890000000000001
GIN,2018,itu,mobile_men,0.86
GIN,2018,itu,mobile_fm_ratio,0.8011627906976745
HND,2019,itu,internet_men,0.4047741290218672
HND,2019,itu,internet_women,0.4278351341754259
HND,2019,itu,internet_fm_ratio,1.056972527
HKG,2022,itu,internet_men,0.9620849289210354
HKG,2022,itu,internet_women,0.949628009
HKG,2022,itu,internet_fm_ratio,0.9870521614708176
HKG,2022,itu,mobile_women,0.98
HKG,2022,itu,mobile_men,0.984
HKG,2022,itu,mobile_fm_ratio,0.9959349593495936
HUN,2022,itu,internet_men,0.8856241381026363
HUN,2022,itu,internet_women,0.8994169098593765
HUN,2022,itu,internet_fm_ratio,1.015574069363432
ISL,2021,itu,internet_men,0.9953732148858404
ISL,2021,itu,internet_women,1
ISL,2021,itu,internet_fm_ratio,1.004648291761287
IND,2018,itu,internet_men,0.2822372590149978
IND,2018,itu,internet_women,0.17711073088254436
IND,2018,itu,internet_fm_ratio,0.6275242733743134
IDN,2022,itu,internet_men,0.6988275225589524
IDN,2022,itu,internet_women,0.6424542280179202
IDN,2022,itu,internet_fm_ratio,0.9193316051225264
IDN,2022,itu,mobile_women,0.629
IDN,2022,itu,mobile_men,0.728
IDN,2022,itu,mobile_fm_ratio,0.864010989
IRN,2021,itu,internet_men,0.7998658763375285
IRN,2021,itu,internet_women,0.7855423639456617
IRN,2021,itu,internet_fm_ratio,0.982092607
IRN,2021,itu,mobile_women,0.6829999999999999
IRN,2021,itu,mobile_men,0.765
IRN,2021,itu,mobile_fm_ratio,0.8928104575163398
IRQ,2022,itu,internet_men,0.8469098136376241
IRQ,2022,itu,internet_women,0.7290929866464572
IRQ,2022,itu,internet_fm_ratio,0.8608862182324665
IRQ,2022,itu,mobile_women,0.583
IRQ,2022,itu,mobile_men,0.727
IRQ,2022,itu,mobile_fm_ratio,0.8019257221458046
IRL,2020,itu,internet_men,0.9144542436788587
IRL,2020,itu,internet_women,0.9394603447019702
IRL,2020,itu,internet_fm_ratio,1.0273453824463776
ISR,2021,itu,internet_men,0.9111695591744386
ISR,2021,itu,internet_women,0.9036861257118486
ISR,2021,itu,internet_fm_ratio,0.9917870023342632
ITA,2022,itu,internet_men,0.862395543
ITA,2022,itu,internet_women,0.8423140916723862
ITA,2022,itu,internet_fm_ratio,0.9767143372848132
JAM,2021,itu,internet_men,0.7998658763375285
JAM,2021,itu,internet_women,0.8583976837014768
JAM,2021,itu,internet_fm_ratio,1.073177027668635
JPN,2022,itu,internet_men,0.8778812732096338
JPN,2022,itu,internet_women,0.8255770587555098
JPN,2022,itu,internet_fm_ratio,0.9404199450993028
JPN,2022,itu,mobile_women,0.932
JPN,2022,itu,mobile_men,0.944
JPN,2022,itu,mobile_fm_ratio,0.9872881355932204
JOR,2021,itu,internet_men,0.8908445388303072
JOR,2021,itu,internet_women,0.8347689313482396
JOR,2021,itu,internet_fm_ratio,0.9370534307190166
KAZ,2022,itu,internet_men,0.9243384625676486
KAZ,2022,itu,internet_women,0.9220611308645624
KAZ,2022,itu,internet_fm_ratio,0.9975362577721152
KAZ,2022,itu,mobile_women,0.952
KAZ,2022,itu,mobile_men,0.901
KAZ,2022,itu,mobile_fm_ratio,1.0566037735849056
KEN,2019,itu,internet_men,0.2808882907338281
KEN,2019,itu,internet_women,0.22600620782485664
KEN,2019,itu,internet_fm_ratio,0.8046124216656004
KEN,2019,itu,mobile_women,0.47
KEN,2019,itu,mobile_men,0.476
KEN,2019,itu,mobile_fm_ratio,0.9873949579831932
KOR,2022,itu,internet_men,0.9736992262605392
KOR,2022,itu,internet_women,0.9683341042229856
KOR,2022,itu,internet_fm_ratio,0.9944899596375792
KOR,2022,itu,mobile_women,0.966
KOR,2022,itu,mobile_men,0.978
KOR,2022,itu,mobile_fm_ratio,0.9877300613496932
XKX,2018,itu,internet_men,0.910377173
XKX,2018,itu,internet_women,0.9066484597887484
XKX,2018,itu,internet_fm_ratio,0.9959042100573524
KWT,2021,itu,internet_men,0.9944053567742148
KWT,2021,itu,internet_women,1
KWT,2021,itu,internet_fm_ratio,1.0056261193563296
KWT,2021,itu,mobile_women,0.998
KWT,2021,itu,mobile_men,0.989
KWT,2021,itu,mobile_fm_ratio,1.0091001011122347
LVA,2022,itu,internet_men,0.9020777260002666
LVA,2022,itu,internet_women,0.9191075368204078
LVA,2022,itu,internet_fm_ratio,1.0188784295735245
LBN,2005,itu,internet_men,0.20395589361929817
LBN,2005,itu,internet_women,0.15050062253717827
LBN,2005,itu,internet_fm_ratio,0.737907691
LSO,2019,itu,internet_men,0.4086455614683685
LSO,2019,itu,internet_women,0.46918545079359136
LSO,2019,itu,internet_fm_ratio,1.1481476737632668
LSO,2019,itu,mobile_women,0.828
LSO,2019,itu,mobile_men,0.8
LSO,2019,itu,mobile_fm_ratio,1.035
LTU,2022,itu,internet_men,0.8691705502050061
LTU,2022,itu,internet_women,0.887602534
LTU,2022,itu,internet_fm_ratio,1.0212064058928416
LUX,2022,itu,internet_men,0.9843456654884174
LUX,2022,itu,internet_women,0.9771948863554496
LUX,2022,itu,internet_fm_ratio,0.9927354999532408
MAC,2021,itu,internet_men,0.8879409644954313
MAC,2021,itu,internet_women,0.8908872181871783
MAC,2021,itu,internet_fm_ratio,1.0033180738467464
MYS,2022,itu,internet_men,0.983377807
MYS,2022,itu,internet_women,0.9614423847866248
MYS,2022,itu,internet_fm_ratio,0.9776937994475582
MYS,2022,itu,mobile_women,0.972
MYS,2022,itu,mobile_men,0.991
MYS,2022,itu,mobile_fm_ratio,0.9808274470232088
MDV,2022,itu,internet_men,0.7665775903727238
MDV,2022,itu,internet_women,0.9575042593944184
MDV,2022,itu,internet_fm_ratio,1.2490637235154014
MLT,2022,itu,internet_men,0.9165955976746462
MLT,2022,itu,internet_women,0.9151694114282016
MLT,2022,itu,internet_fm_ratio,0.9984440398251282
MUS,2020,itu,internet_men,0.7015254591212916
MUS,2020,itu,internet_women,0.6785595374683074
MUS,2020,itu,internet_fm_ratio,0.9672628821172784
MUS,2020,itu,mobile_women,0.807
MUS,2020,itu,mobile_men,0.851
MUS,2020,itu,mobile_fm_ratio,0.9482961222091658
MEX,2022,itu,internet_men,0.7946454756098575
MEX,2022,itu,internet_women,0.7861958048334474
MEX,2022,itu,internet_fm_ratio,0.9893667414768512
MNG,2021,itu,internet_men,0.832773052
MNG,2021,itu,internet_women,0.8121247103430538
MNG,2021,itu,internet_fm_ratio,0.975205319460262
MNE,2022,itu,internet_men,0.8885277124375123
MNE,2022,itu,internet_women,0.8767726888541908
MNE,2022,itu,internet_fm_ratio,0.9867702228993244
MSR,2011,itu,internet_men,0.5704231731312733
MSR,2011,itu,internet_women,0.6470807544288932
MSR,2011,itu,internet_fm_ratio,1.13438721445487
MAR,2021,itu,internet_men,0.9005231199465603
MAR,2021,itu,internet_women,0.8711965912261472
MAR,2021,itu,internet_fm_ratio,0.9674338969529696
MAR,2021,itu,mobile_women,0.959
MAR,2021,itu,mobile_men,0.965
MAR,2021,itu,mobile_fm_ratio,0.9937823834196892
MOZ,2017,itu,internet_men,0.1367621517626086
MOZ,2017,itu,internet_women,0.094150469
MOZ,2017,itu,internet_fm_ratio,0.6884248901046419
MOZ,2017,itu,mobile_women,0.264
MOZ,2017,itu,mobile_men,0.368
MOZ,2017,itu,mobile_fm_ratio,0.7173913043478262
MMR,2017,itu,internet_men,0.3203648355379291
MMR,2017,itu,internet_women,0.22469932604928475
MMR,2017,itu,internet_fm_ratio,0.701385736
MMR,2017,itu,mobile_women,0.574
MMR,2017,itu,mobile_men,0.68
MMR,2017,itu,mobile_fm_ratio,0.8441176470588234
NLD,2022,itu,internet_men,0.9330491855722765
NLD,2022,itu,internet_women,0.9171384741243048
NLD,2022,itu,internet_fm_ratio,0.982947618
NZL,2012,itu,internet_men,0.8458816247749412
NZL,2012,itu,internet_women,0.8594084351477642
NZL,2012,itu,internet_fm_ratio,1.015991375124648
NIC,2006,itu,internet_men,0.17279689550006908
NIC,2006,itu,internet_women,0.16828490888106137
NIC,2006,itu,internet_fm_ratio,0.9738884972096856
NER,2017,itu,internet_men,0.19841471347314055
NER,2017,itu,internet_women,0.085781953
NER,2017,itu,internet_fm_ratio,0.432336652
NER,2017,itu,mobile_women,0.5539999999999999
NER,2017,itu,mobile_men,0.7659999999999999
NER,2017,itu,mobile_fm_ratio,0.7232375979112272
MKD,2020,itu,internet_men,0.8418648853069609
MKD,2020,itu,internet_women,0.8035950186708553
MKD,2020,itu,internet_fm_ratio,0.9545415573163482
NOR,2022,itu,internet_men,0.9853135236000428
NOR,2022,itu,internet_women,0.9919628565762232
NOR,2022,itu,internet_fm_ratio,1.006748443837334
OMN,2020,itu,internet_men,0.9473614194741192
OMN,2020,itu,internet_women,0.9808106613201356
OMN,2020,itu,internet_fm_ratio,1.0353077940038808
OMN,2020,itu,mobile_women,0.956
OMN,2020,itu,mobile_men,0.977
OMN,2020,itu,mobile_fm_ratio,0.9785056294779938
PAK,2020,itu,internet_men,0.2659893088899042
PAK,2020,itu,internet_women,0.15774245434903358
PAK,2020,itu,internet_fm_ratio,0.5930405812450337
PAK,2020,itu,mobile_women,0.252
PAK,2020,itu,mobile_men,0.65
PAK,2020,itu,mobile_fm_ratio,0.38769230769230767
PAN,2019,itu,internet_men,0.6506100893746949
PAN,2019,itu,internet_women,0.6552618755753357
PAN,2019,itu,internet_fm_ratio,1.0071498832812624
PRY,2022,itu,internet_men,0.7520597186983443
PRY,2022,itu,internet_women,0.7812731480931897
PRY,2022,itu,internet_fm_ratio,1.03884456070245
PER,2022,itu,internet_men,0.770449023
PER,2022,itu,internet_women,0.7310620493425604
PER,2022,itu,internet_fm_ratio,0.9488778980696998
PER,2022,itu,mobile_women,0.8340000000000001
PER,2022,itu,mobile_men,0.8640000000000001
PER,2022,itu,mobile_fm_ratio,0.9652777777777778
POL,2022,itu,internet_men,0.8759455569863833
POL,2022,itu,internet_women,0.8659428440256237
POL,2022,itu,internet_fm_ratio,0.9885806681922412
PRT,2022,itu,internet_men,0.8546526785306265
PRT,2022,itu,internet_women,0.8403450289762832
PRT,2022,itu,internet_fm_ratio,0.9832591064022148
PRT,2022,itu,mobile_women,0.969
PRT,2022,itu,mobile_men,0.974
PRT,2022,itu,mobile_fm_ratio,0.9948665297741272
PRI,2021,itu,internet_men,0.8395480589141661
PRI,2021,itu,internet_women,0.8652894031378378
PRI,2021,itu,internet_fm_ratio,1.0306609537719191
QAT,2020,itu,internet_men,1
QAT,2020,itu,internet_women,1
QAT,2020,itu,internet_fm_ratio,1
QAT,2020,itu,mobile_women,0.996
QAT,2020,itu,mobile_men,0.997
QAT,2020,itu,mobile_fm_ratio,0.9989969909729188
ROU,2022,itu,internet_men,0.862395543
ROU,2022,itu,internet_women,0.8521594051529019
ROU,2022,itu,internet_fm_ratio,0.9881305761042194
ROU,2022,itu,mobile_women,0.98
ROU,2022,itu,mobile_men,0.981
ROU,2022,itu,mobile_fm_ratio,0.9989806320081548
RUS,2022,itu,internet_men,0.9069170165583932
RUS,2022,itu,internet_women,0.9033550352515828
RUS,2022,itu,internet_fm_ratio,0.9960724286326356
RUS,2022,itu,mobile_women,0.989
RUS,2022,itu,mobile_men,0.987
RUS,2022,itu,mobile_fm_ratio,1.0020263424518745
SAU,2022,itu,internet_men,0.9949921047162956
SAU,2022,itu,internet_women,1
SAU,2022,itu,internet_fm_ratio,1.0050331005240811
SAU,2022,itu,mobile_women,1
SAU,2022,itu,mobile_men,1
SAU,2022,itu,mobile_fm_ratio,1
SEN,2009,itu,internet_men,0.17339570959236153
SEN,2009,itu,internet_women,0.11895114831093308
SEN,2009,itu,internet_fm_ratio,0.6860097553196504
SRB,2022,itu,internet_men,0.8585241109771278
SRB,2022,itu,internet_women,0.8167162766230459
SRB,2022,itu,internet_fm_ratio,0.9513026671941708
SRB,2022,itu,mobile_women,0.958
SRB,2022,itu,mobile_men,0.952
SRB,2022,itu,mobile_fm_ratio,1.0063025210084031
SGP,2022,itu,internet_men,0.9649885032559112
SGP,2022,itu,internet_women,0.9525816026541608
SGP,2022,itu,internet_fm_ratio,0.9871429550094234
SGP,2022,itu,mobile_women,0.987
SGP,2022,itu,mobile_men,0.99
SGP,2022,itu,mobile_fm_ratio,0.996969697
SVK,2021,itu,internet_men,0.8966516875000591
SVK,2021,itu,internet_women,0.8908872181871783
SVK,2021,itu,internet_fm_ratio,0.993571116417622
SVN,2022,itu,internet_men,0.8953027192188895
SVN,2022,itu,internet_women,0.8846489396386031
SVN,2022,itu,internet_fm_ratio,0.988100361
SVN,2022,itu,mobile_women,0.98
SVN,2022,itu,mobile_men,0.975
SVN,2022,itu,mobile_fm_ratio,1.005128205128205
ESP,2022,itu,internet_men,0.941759909
ESP,2022,itu,internet_women,0.9476589459139028
ESP,2022,itu,internet_fm_ratio,1.006263844195611
LKA,2021,itu,internet_men,0.494022713
LKA,2021,itu,internet_women,0.4281574846029462
LKA,2021,itu,internet_fm_ratio,0.8666757079801267
PSE,2022,itu,internet_men,0.8894955705491375
PSE,2022,itu,internet_women,0.8856334709866548
PSE,2022,itu,internet_fm_ratio,0.995658101411232
PSE,2022,itu,mobile_women,0.757
PSE,2022,itu,mobile_men,0.8270000000000001
PSE,2022,itu,mobile_fm_ratio,0.9153567110036276
SDN,2016,itu,internet_men,0.2104101209821886
SDN,2016,itu,internet_women,0.14528337731737417
SDN,2016,itu,internet_fm_ratio,0.6904771340807915
SDN,2016,itu,mobile_women,0.542
SDN,2016,itu,mobile_men,0.703
SDN,2016,itu,mobile_fm_ratio,0.7709815078236132
SWE,2022,itu,internet_men,0.9407920504652788
SWE,2022,itu,internet_women,0.958488791
SWE,2022,itu,internet_fm_ratio,1.0188104696127471
CHE,2021,itu,internet_men,0.9624660390905798
CHE,2021,itu,internet_women,0.9548817558105296
CHE,2021,itu,internet_fm_ratio,0.992119947
CHE,2021,itu,mobile_women,0.977
CHE,2021,itu,mobile_men,0.979
CHE,2021,itu,mobile_fm_ratio,0.9979570990806946
TWN,2022,itu,internet_men,0.8788491313212592
TWN,2022,itu,internet_women,0.8501903424567987
TWN,2022,itu,internet_fm_ratio,0.9673905476570536
TWN,2022,itu,mobile_women,0.932
TWN,2022,itu,mobile_men,0.96
TWN,2022,itu,mobile_fm_ratio,0.9708333333333334
THA,2022,itu,internet_men,0.8914312867723881
THA,2022,itu,internet_women,0.8708655007658814
THA,2022,itu,internet_fm_ratio,0.9769294769976388
THA,2022,itu,mobile_women,0.88
THA,2022,itu,mobile_men,0.885
THA,2022,itu,mobile_fm_ratio,0.9943502824858756
TGO,2017,itu,internet_men,0.20131828780801647
TGO,2017,itu,internet_women,0.11846839359452167
TGO,2017,itu,internet_fm_ratio,0.5884631489986488
TGO,2017,itu,mobile_women,0.395
TGO,2017,itu,mobile_men,0.486
TGO,2017,itu,mobile_fm_ratio,0.8127572016460906
TTO,2011,itu,internet_men,0.4687980714106163
TTO,2011,itu,internet_women,0.5043237089614175
TTO,2011,itu,internet_fm_ratio,1.075780255332332
TUN,2019,itu,internet_men,0.7386851775325977
TUN,2019,itu,internet_women,0.6286795291779437
TUN,2019,itu,internet_fm_ratio,0.8510791177344296
TUN,2019,itu,mobile_women,0.767
TUN,2019,itu,mobile_men,0.8340000000000001
TUN,2019,itu,mobile_fm_ratio,0.9196642685851318
TUR,2022,itu,internet_men,0.8749776988747578
TUR,2022,itu,internet_women,0.7980101810100662
TUR,2022,itu,internet_fm_ratio,0.9120348804733266
TUR,2022,itu,mobile_women,0.916
TUR,2022,itu,mobile_men,0.971
TUR,2022,itu,mobile_fm_ratio,0.9433573635427396
UKR,2021,itu,internet_men,0.8240623291281611
UKR,2021,itu,internet_women,0.7766815818131977
UKR,2021,itu,internet_fm_ratio,0.9425034422273724
UKR,2021,itu,mobile_women,0.91
UKR,2021,itu,mobile_men,0.904
UKR,2021,itu,mobile_fm_ratio,1.0066371681415929
ARE,2022,itu,internet_men,0.9949921047162956
ARE,2022,itu,internet_women,1
ARE,2022,itu,internet_fm_ratio,1.0050331005240811
ARE,2022,itu,mobile_women,1
ARE,2022,itu,mobile_men,1
ARE,2022,itu,mobile_fm_ratio,1
GBR,2020,itu,internet_men,0.9551042843671216
GBR,2020,itu,internet_women,0.953243784
GBR,2020,itu,internet_fm_ratio,0.9980520443443908
USA,2015,itu,internet_men,0.7682775034479089
USA,2015,itu,internet_women,0.7776835932267397
USA,2015,itu,internet_fm_ratio,1.0122430889055294
URY,2022,itu,internet_men,0.8865919962142615
URY,2022,itu,internet_women,0.9122158173840468
URY,2022,itu,internet_fm_ratio,1.02890148
UZB,2022,itu,internet_men,0.868202692
UZB,2022,itu,internet_women,0.8137626825788912
UZB,2022,itu,internet_fm_ratio,0.93729573749279
UZB,2022,itu,mobile_women,0.741
UZB,2022,itu,mobile_men,0.8390000000000001
UZB,2022,itu,mobile_fm_ratio,0.8831942789034564
VEN,2012,itu,internet_men,0.5197134411572131
VEN,2012,itu,internet_women,0.548296529
VEN,2012,itu,internet_fm_ratio,1.054997784822757
VNM,2022,itu,internet_men,0.8169062121772396
VNM,2022,itu,internet_women,0.7615825211321585
VNM,2022,itu,internet_fm_ratio,0.93227657
ZMB,2018,itu,internet_men,0.19029073841059377
ZMB,2018,itu,internet_women,0.16037369796566792
ZMB,2018,itu,internet_fm_ratio,0.8427824670038679
ZMB,2018,itu,mobile_women,0.452
ZMB,2018,itu,mobile_men,0.44
ZMB,2018,itu,mobile_fm_ratio,1.0272727272727271
ZWE,2020,itu,internet_men,0.3134143563595442
ZWE,2020,itu,internet_women,0.3162520013853343
ZWE,2020,itu,internet_fm_ratio,1.0090539726984773
ZWE,2020,itu,mobile_women,0.478
ZWE,2020,itu,mobile_men,0.462
ZWE,2020,itu,mobile_fm_ratio,1.0346320346320346
ARM,2018,itu,mobile_women,0.768
ARM,2018,itu,mobile_men,0.76
ARM,2018,itu,mobile_fm_ratio,1.0105263157894735
CRI,2015,itu,mobile_women,0.862
CRI,2015,itu,mobile_men,0.858
CRI,2015,itu,mobile_fm_ratio,1.0046620046620047
CYP,2018,itu,mobile_women,0.982
CYP,2018,itu,mobile_men,0.991
CYP,2018,itu,mobile_fm_ratio,0.9909182643794148
DNK,2016,itu,mobile_women,0.8320000000000001
DNK,2016,itu,mobile_men,0.825
DNK,2016,itu,mobile_fm_ratio,1.0084848484848483
SLV,2015,itu,mobile_women,0.784
SLV,2015,itu,mobile_men,0.81
SLV,2015,itu,mobile_fm_ratio,0.9679012345679012
FIN,2018,itu,mobile_women,0.98
FIN,2018,itu,mobile_men,0.989
FIN,2018,itu,mobile_fm_ratio,0.9908998988877654
GRD,2017,itu,mobile_women,0.95
GRD,2017,itu,mobile_men,0.903
GRD,2017,itu,mobile_fm_ratio,1.052048726467331
IRL,2018,itu,mobile_women,0.883
IRL,2018,itu,mobile_men,0.866
IRL,2018,itu,mobile_fm_ratio,1.0196304849884528
ISR,2018,itu,mobile_women,0.936
ISR,2018,itu,mobile_men,0.95
ISR,2018,itu,mobile_fm_ratio,0.985263158
ITA,2016,itu,mobile_women,0.904
ITA,2016,itu,mobile_men,0.927
ITA,2016,itu,mobile_fm_ratio,0.9751887810140236
JAM,2016,itu,mobile_women,0.972
JAM,2016,itu,mobile_men,0.956
JAM,2016,itu,mobile_fm_ratio,1.0167364016736402
LTU,2019,itu,mobile_women,0.959
LTU,2019,itu,mobile_men,0.955
LTU,2019,itu,mobile_fm_ratio,1.0041884816753928
MAC,2019,itu,mobile_women,0.93
MAC,2019,itu,mobile_men,0.924
MAC,2019,itu,mobile_fm_ratio,1.0064935064935066
MDV,2019,itu,mobile_women,0.926
MDV,2019,itu,mobile_men,0.939
MDV,2019,itu,mobile_fm_ratio,0.9861554845580406
MEX,2015,itu,mobile_women,0.6990000000000001
MEX,2015,itu,mobile_men,0.732
MEX,2015,itu,mobile_fm_ratio,0.9549180327868854
MNG,2019,itu,mobile_women,0.947
MNG,2019,itu,mobile_men,0.936
MNG,2019,itu,mobile_fm_ratio,1.0117521367521367
NLD,2016,itu,mobile_women,0.8240000000000001
NLD,2016,itu,mobile_men,0.861
NLD,2016,itu,mobile_fm_ratio,0.9570267131242742
NOR,2019,itu,mobile_women,0.885
NOR,2019,itu,mobile_men,0.901
NOR,2019,itu,mobile_fm_ratio,0.9822419533851277
SVK,2020,itu,mobile_women,0.7440000000000001
SVK,2020,itu,mobile_men,0.7829999999999999
SVK,2020,itu,mobile_fm_ratio,0.9501915708812264
ZAF,2019,itu,mobile_women,0.797
ZAF,2019,itu,mobile_men,0.765
ZAF,2019,itu,mobile_fm_ratio,1.0418300653594772
URY,2019,itu,mobile_women,0.8420000000000001
URY,2019,itu,mobile_men,0.823
URY,2019,itu,mobile_fm_ratio,1.0230862697448362
VNM,2019,itu,mobile_women,0.767
VNM,2019,itu,mobile_men,0.7829999999999999
VNM,2019,itu,mobile_fm_ratio,0.9795657726692212
